store_id,name,street,city,state,zip,phone,manager,store_opened,latitude,longitude,state_name
1087,Burnsville,14050 Burnhaven Dr,Burnsville,MN,55337-4407,(952) 229-6449                  ,Chelsea Bell,"Nov 23, 2010",44.75,-93.295,Minnesota
783,Eden Prairie,12011 Technology Dr,Eden Prairie,MN,55344-3620,(952) 943-4801                  ,Don Christensen,"Nov 18, 2004",44.861,-93.436,Minnesota
1363,Eagan,995 Blue Gentian Rd,Eagan,MN,55121-1542,(612) 439-8060                  ,John Allen,"Nov 15, 2019",44.86,-93.141,Minnesota
377,St Louis Park,5801 W 16Th St,Saint Louis Park,MN,55416-1446,(763) 582-9603                  ,Tracy Williams,"Nov 16, 2000",44.967,-93.354,Minnesota
652,Minneapolis Business Center,3311 Broadway St Ne,Minneapolis,MN,55413-4553,(651) 502-7600                  ,Colleen Crotser,"Jun 27, 2018",45.0,-93.216,Minnesota
1272,Woodbury,7070 Tamarack Road,Woodbury,MN,55125-1205,(612) 540-5458                  ,Jon Ingebretsen,"Nov 15, 2017",44.939,-92.963,Minnesota
648,Maple Grove,11330 Fountains Dr,Maple Grove,MN,55369-7200,(763) 494-8050                  ,Jeff Goto,"Oct 27, 2006",45.093,-93.425,Minnesota
1021,Maplewood,1431 Beam Ave,Maplewood,MN,55109-1064,(612) 486-1740                  ,Mike Ftacek,"Aug 28, 2008",45.029,-93.04,Minnesota
372,Coon Rapids,12547 Riverdale Blvd Nw,Minneapolis,MN,55448-6708,(763) 712-7763                  ,David Oertle,"Oct 23, 2001",45.199,-93.348,Minnesota
1344,St Cloud,3636 2Nd St S,Saint Cloud,MN,56301-3732,(320) 316-9865                  ,Katie Elder,"Jun 29, 2019",45.549,-94.2,Minnesota
1330,Webster,1310 Jasmine Ave,Webster,TX,77598,(281) 707-7750                  ,Scott Huntington,"Oct 19, 2018",29.533,-95.139,Texas
1221,Pearland,3500 Business Center Drive,Pearland,TX,77584-1952,(281) 707-7001                  ,Scott Ankrom,"Nov 12, 2015",29.544,-95.39,Texas
1018,Galleria,3836 Richmond Ave,Houston,TX,77027-5802,(832) 325-5850                  ,Matt Bennett,"Oct 22, 2008",29.735,-95.439,Texas
1487,Stafford Business Center,12717 Network Dr,Stafford,TX,77477,(346) 309-3871                  ,Brian Williams   Mgr,"Oct 20, 2021",29.638,-95.577,Texas
1146,Sugar Land,17520 Southwest Fwy,Sugar Land,TX,77479-2359,(281) 566-6720                  ,Jo Ciliberto     Mgr,"Jul 11, 2013",29.586,-95.644,Texas
680,Bunker Hill,1150 Bunker Hill Rd,Houston,TX,77055-6208,(713) 576-2053                  ,Jason Itaya      Mgr,"Jun 7, 2001",29.787,-95.529,Texas
1228,Humble,21802 Townsen Blvd W.,Humble,TX,77338-1594,(281) 707-7051                  ,Bruce Marteney,"Mar 18, 2016",30.021,-95.267,Texas
675,Willowbrook,12405 N Gessner Rd,Houston,TX,77064-1170,(832) 912-2353                  ,Kevin Moore       Mgr,"Jun 7, 2001",29.955,-95.547,Texas
1167,W Katy,23645 Katy Freeway,Katy,TX,77494-7221,(281) 347-9900                  ,Jeremiah Sorensen Mgr,"Feb 6, 2014",29.783,-95.781,Texas
1208,Cypress TX,26960 Nw Freeway,Cypress,TX,77433-4934,(832) 653-4576                  ,Kristina Hill,"Jul 19, 2019",29.979,-95.712,Texas
1332,N Miami,14800 Sole Mia Way,North Miami,FL,33181,(305) 944-8711                  ,Ed Wiegman,"Dec 12, 1992",25.912,-80.154,Florida
181,Miami Lakes,16580 Nw 59Th Ave,Miami Lakes,FL,33014-5611,(305) 825-9818                  ,Eddie Maiorana Mgr,"Dec 12, 1992",25.923,-80.299,Florida
1229,Miami,7795 West Flagler Street,Miami,FL,33144-2359,(786) 482-7135                  ,Rocky Rodriguez,"Oct 26, 1989",25.775,-80.322,Florida
91,Davie,1890 S University Dr,Davie,FL,33324-5808,(954) 370-8990                  ,Michael Reyes,"Aug 17, 1989",26.097,-80.248,Florida
742,Pembroke Pines,15915 Pines Blvd,Pembroke Pines,FL,33027-1201,(954) 266-3460                  ,Alan Pack,"Oct 14, 2005",26.01,-80.36,Florida
1023,Kendall,13450 Sw 120Th St,Miami,FL,33186-7393,(305) 964-4227                  ,Arman Taheri,"Nov 16, 1988",25.654,-80.413,Florida
88,Pompano,1800 W Sample Rd,Pompano Beach,FL,33064-1324,(954) 968-7114                  ,Adam Sherman,"Nov 29, 1988",26.273,-80.149,Florida
1323,Coral Springs,4621 Coral Ridge Dr.,Coral Springs,FL,33076-2200,(954) 715-8240                  ,Ed Flaherty,"Feb 7, 2019",26.289,-80.28,Florida
345,Boca Raton,17800 Congress Ave,Boca Raton,FL,33487-1200,(561) 981-5004                  ,Rosina Yeo,"Aug 30, 1990",26.412,-80.101,Florida
180,Lantana,1873 Lantana Rd,Lantana,FL,33462-2601,(561) 533-0958                  ,Gricel Morales,"Nov 15, 1984",26.589,-80.071,Florida
1189,Woodlands,8185 Highway 242,Conroe,TX,77385-4365,(936) 703-2295                  ,Jp Jeff Polloreno,"Nov 21, 2014",30.209,-95.453,Texas
1614,College Station,4321 State Hwy 6 South,College Station,TX,77845,(979) 321-6550                  ,Kiley Fitzpatrick,"Aug 4, 2022",30.567,-96.263,Texas
1049,Rockwall,1225 State Highway 276,Rockwall,TX,75032-9376,(972) 772-1602                  ,Marc Alvarez,"Apr 8, 2009",32.908,-96.446,Texas
636,Duncanville,250 W Highway 67,Duncanville,TX,75137-4415,(469) 221-8113                  ,Jennifer Castro,"Aug 9, 2006",32.621,-96.91,Texas
655,Dallas Business Center,8282 Park Ln,Dallas,TX,75231-6023,(469) 498-6623                  ,Marcela  Unanua,"Sep 5, 2019",32.869,-96.764,Texas
563,Las Vegas Business Center,222 S Martin L King Blvd,Las Vegas,NV,89106-4305,(702) 384-6247                  ,Clinton Shelton,"Feb 19, 2009",36.172,-115.162,Nevada
685,Summerlin,801 S Pavilion Center Dr,Las Vegas,NV,89144-4566,(702) 352-2053                  ,Kevin Endicott    Mgr,"Oct 4, 2001",36.163,-115.333,Nevada
737,Centennial,6555 N. Decatur Blvd,Las Vegas,NV,89131-2796,(702) 415-2300                  ,Connie Dizotell,"Oct 27, 2005",36.278,-115.209,Nevada
673,Henderson,791 Marks St,Henderson,NV,89014-8601,(702) 352-2000                  ,Liz Synder,"Nov 15, 1991",36.069,-115.037,Nevada
1320,SW Henderson,3411 Saint Rose Pkwy,Henderson,NV,89052-4570,(702) 803-7044                  ,Elizabeth Watts Mgr,"Nov 8, 2018",35.988,-115.138,Nevada
672,St George,835 N 3050 E,Saint George,UT,84790-9041,(435) 256-0003                  ,Ben Olson,"Nov 15, 2000",37.122,-113.522,Utah
1010,Victorville,14555 Valley Center Dr,Victorville,CA,92395-4216,(760) 524-9904                  ,John Lim          Mgr,"Oct 13, 1988",34.515,-117.318,California
441,Palm Desert,72800 Dinah Shore Dr,Palm Desert,CA,92211-0814,(760) 770-2810                  ,Tammi Campbell,"Mar 9, 1991",33.804,-116.39,California
638,La Quinta,79795 Highway 111,La Quinta,CA,92253-4756,(760) 775-0363                  ,Chris Marmon,"Nov 22, 2006",33.705,-116.273,California
478,San Bernardino,1099 E Hospitality Ln,San Bernardino,CA,92408-2813,(909) 478-3445                  ,Edward Walton,"Jun 22, 1989",34.068,-117.263,California
1350,Oklahoma City,13200 N Western Ave,Oklahoma City,OK,73114,(405) 832-5102                  ,Dan Rioux,"May 16, 2019",35.605,-97.53,Oklahoma
1444,Moore,2651 S. Telephone Rd,Moore,OK,73160-0008,(405) 300-7661                  ,Travis Wynns,"Jul 22, 2021",35.314,-97.496,Oklahoma
1207,Tulsa,10220 S Memorial Dr,Tulsa,OK,74133-7179,(918) 710-2220                  ,Tyler Smith,"Apr 21, 2016",36.014,-95.889,Oklahoma
1640,North Tulsa,4816 N 118Th Ave E,Tulsa,OK,74116,(539) 235-5110                  ,Bill Vanhoose,"May 25, 2023",36.223,-95.848,Oklahoma
1200,Wichita,9700 E Kellogg,Wichita,KS,67207-1821,(316) 226-7142                  ,Melinda Moser,"Jun 3, 2015",37.68,-97.224,Kansas
1097,Frisco,11220 Dallas Pkwy,Frisco,TX,75033-4102,(469) 200-7116                  ,Tony Arias        Mgr,"Oct 22, 2011",33.172,-96.838,Texas
1284,McKinney,3650 W University Dr,Mckinney,TX,75071-2934,(469) 347-6421                  ,Matt Walker       Mgr,"Jul 25, 2018",33.219,-96.66,Texas
683,Lewisville,851 State Highway 121 Byp,Lewisville,TX,75067-4158,(469) 948-1026                  ,Aimee Hill        Mgr,"Aug 25, 2004",32.998,-96.964,Texas
684,W Plano,1701 Dallas Pkwy,Plano,TX,75093-4580,(972) 246-2203                  ,Jodi Jaques      Mgr,"Sep 27, 2001",33.024,-96.832,Texas
1173,N Fort Worth,8900 Tehama Ridge Pkwy,Fort Worth,TX,76177-2004,(817) 806-9833                  ,April Beck        Mgr,"May 9, 2014",32.901,-97.321,Texas
1114,Concordville,700 Evergreen Dr,Glen Mills,PA,19342-2102,(610) 387-2205                  ,Ron Fortini      Mgr,"Nov 10, 2012",39.89,-75.532,Pennsylvania
245,King Of Prussia,201 Allendale Rd,King Of Prussia,PA,19406-1634,(610) 337-6601                  ,Chris Karnchanaphati,"Oct 11, 1997",40.091,-75.386,Pennsylvania
246,Christiana,900 Center Blvd,Newark,DE,19702-3221,(302) 894-0511                  ,Tom Borg,"Oct 1, 1998",39.677,-75.648,Delaware
1081,Sanatoga,14 W Lightcap Rd,Pottstown,PA,19464-3413,(610) 569-4137                  ,Pete Gwathmey,"Aug 17, 2011",40.238,-75.576,Pennsylvania
1415,Cherry Hill,650 Garden Park Blvd,Cherry Hill,NJ,08002-4250,(856) 406-7430                  ,Gina Pascale,"Oct 21, 2020",39.927,-75.04,New Jersey
248,Montgomeryville,740 Upper State Rd,North Wales,PA,19454-1403,(215) 353-4153                  ,Seth Friedman,"Jul 10, 1999",40.237,-75.234,Pennsylvania
1103,Bucks County,100 Veterans Way,Warminster,PA,18974-3533,(215) 347-1950                  ,Jim Zambrotta Mgr,"Oct 21, 2011",40.197,-75.08,Pennsylvania
749,Mt Laurel,100 Centerton Rd,Mount Laurel,NJ,08054-6103,(856) 359-3650                  ,Rob Greger,"Mar 3, 2005",39.972,-74.908,New Jersey
317,Lancaster PA,1875 Hempstead Rd,Lancaster,PA,17601-5671,(717) 396-8460                  ,Ron Lemen,"May 24, 1996",40.053,-76.257,Pennsylvania
1211,Allentown,791 N Krocks Rd,Allentown,PA,18106-9046,(484) 273-7056                  ,Nick Meadows,"Nov 18, 2016",40.566,-75.558,Pennsylvania
111,Tigard,7850 Sw Dartmouth St,Tigard,OR,97223-8401,(503) 639-0811                  ,R0N Cheek,"Nov 3, 1986",45.435,-122.758,Oregon
97,Clackamas,13130 Se 84Th Ave,Clackamas,OR,97015-9733,(503) 794-5500                  ,Ben Tehrani,"Nov 24, 1986",45.428,-122.574,Oregon
766,Wilsonville,25900 Sw Heather Pl,Wilsonville,OR,97070-5785,(503) 825-4003                  ,Alex Ryan,"Jul 24, 2003",45.333,-122.764,Oregon
9,Aloha,15901 Sw Jenkins Rd,Aloha,OR,97006-5045,(503) 644-7615                  ,Leah Grippin,"Oct 29, 1985",45.509,-122.842,Oregon
2,Portland,4849 Ne 138Th Ave,Portland,OR,97230-3401,(503) 252-2243                  ,Wendy Hiatt       Mgr,"Oct 27, 1983",45.559,-122.524,Oregon
692,Hillsboro,1255 Ne 48Th Ave,Hillsboro,OR,97124-5008,(503) 681-2800                  ,Niels Knowlton   Mgr,"Nov 17, 2005",45.536,-122.935,Oregon
1086,E Vancouver WA,19610 Se 1St St,Camas,WA,98607-7472,(360) 258-6221                  ,Wanda Lehman,"Nov 24, 2010",45.622,-122.473,Washington
772,Vancouver WA,6720 Ne 84Th St,Vancouver,WA,98665-2016,(360) 828-2262                  ,Greg Killian,"Aug 27, 2004",45.685,-122.605,Washington
1492,Salem,4885 27Th Ave. Se,Salem,OR,97306-6919,(503) 371-1729                  ,Ryan Watkins,"Mar 26, 1992",44.884,-123.007,Oregon
682,Albany,3130 Killdeer Ave Se,Albany,OR,97322-5359,(541) 918-7043                  ,Katrina Lopez,"Oct 12, 2001",44.638,-123.066,Oregon
1079,SW Tucson,1650 E Tucson Marketplace Blvd,Tucson,AZ,85713-6561,(520) 791-7340                  ,Jarod Mcpherson  Mgr,"Apr 14, 2011",32.181,-110.947,Arizona
431,NW Tucson,3901 W Costco Dr,Tucson,AZ,85741-2864,(520) 797-1980                  ,Shawna Ault,"Apr 1, 1989",32.326,-111.049,Arizona
407,Tucson,6255 East Grant Road,Tucson,AZ,85712-5804,(520) 886-6377                  ,Travis Maze     (Mgr),"May 1, 1982",32.252,-110.859,Arizona
1620,Queen Creek,20260 S Ellsworth Rd,Queen Creek,AZ,85142,(480) 847-1000                  ,Mary Magel       Mgr,"Jan 26, 2023",33.265,-111.637,Arizona
644,SE Gilbert,2887 S Market St,Gilbert,AZ,85295-1303,(480) 366-3950                  ,Bob Malloy       Mgr,"May 4, 2006",33.296,-111.746,Arizona
736,Chandler,595 S Galleria Way,Chandler,AZ,85226-4932,(480) 375-2051                  ,Demetrius Wiley,"Dec 1, 2005",33.293,-111.9,Arizona
1028,Mesa,1444 S Sossaman Rd,Mesa,AZ,85209-3400,(480) 333-6552                  ,Mike Wombacher    Mgr,"Oct 27, 1994",33.389,-111.669,Arizona
481,Gilbert,1415 N Arizona Ave,Gilbert,AZ,85233-1616,(480) 293-0053                  ,Kimber Bowman     Mgr,"Nov 1, 1979",33.377,-111.841,Arizona
436,Tempe,1445 W Elliot Rd,Tempe,AZ,85284-1103,(480) 496-6651                  ,Dave Debo,"Nov 1, 1989",33.347,-111.961,Arizona
465,Thomas Road,4502 E Oak St,Phoenix,AZ,85008-2411,(602) 808-0101                  ,Dan Bridge,"Dec 1, 1994",33.474,-111.985,Arizona
1222,Grand Chute,5401 W. Integrity Way,Grand Chute,WI,54913-8602,(920) 815-4500                  ,Jeremy Deshazer,"Nov 7, 2015",44.271,-88.488,Wisconsin
1162,Bellevue (Green Bay),2355 Costco Way,Bellevue,WI,54311-9206,(920) 469-5700                  ,Jennifer Hawkins,"Oct 17, 2013",44.458,-87.986,Wisconsin
1664,Eau Claire,1420 Black Avenue,Eau Claire,WI,54703,(715) 598-6755                  ,Shawney Mcmillan,"Nov 30, 2023",44.831,-91.451,Wisconsin
1422,Duluth,4611 W Arrowhead Rd.,Duluth,MN,55811,(218) 600-5978                  ,John Kuzas,"Oct 28, 2021",46.823,-92.173,Minnesota
1121,Sun Prairie,2850 Hoepker Rd,Sun Prairie,WI,53590-9334,(608) 825-4001                  ,Kim O'Brien,"Nov 15, 2012",43.167,-89.274,Wisconsin
628,Grafton,950 Port Washington Rd,Grafton,WI,53024-9201,(262) 204-1050                  ,Daniel Slawinski,"Aug 30, 2007",43.324,-87.922,Wisconsin
1020,Middleton,2150 Deming Way,Middleton,WI,53562-5507,(608) 824-3950                  ,Justin Ferguson,"Aug 20, 2008",43.1,-89.522,Wisconsin
1209,Menomonee Falls,W162N9235 Pershing Ave,Menomonee Falls,WI,53051-4026,(262) 946-6060                  ,Jenn Joven       Mgr,"Nov 5, 2015",43.185,-88.112,Wisconsin
330,Frederick,10 Monocacy Blvd,Frederick,MD,21704-7256,(301) 644-1483                  ,Rob Young,"Dec 1, 2001",39.401,-77.408,Maryland
337,Leesburg,1300 Edwards Ferry Rd Ne,Leesburg,VA,20176-3355,(703) 669-5061                  ,Billy Wallace,"Jul 28, 2004",39.115,-77.533,Virginia
239,Winchester,251 Front Royal Pike,Winchester,VA,22602-7319,(540) 722-9626                  ,Jena Marcello Tafur,"May 23, 1995",39.158,-78.156,Virginia
213,Gaithersburg,880 Russell Ave,Gaithersburg,MD,20879-3506,(301) 417-1500                  ,Kevin Wojciechowski,"Jul 28, 1990",39.156,-77.214,Maryland
218,Sterling,21398 Price Cascades Plz,Sterling,VA,20164-6606,(703) 406-6500                  ,Yolanda Brooks,"Nov 17, 1990",39.024,-77.402,Virginia
1326,Owings Mills,10270 Mill Run Circle,Owings Mills,MD,21117,(443) 501-7043                  ,Shannon Dillard,"Oct 18, 2018",39.406,-76.789,Maryland
327,Harrisburg,5125 Jonestown Rd Ste 221,Harrisburg,PA,17112-2983,(717) 412-2050                  ,Ian Schrotel,"Aug 28, 2001",40.307,-76.798,Pennsylvania
334,Chantilly,14390 Chantilly Crossing Ln,Chantilly,VA,20151-2117,(703) 885-5544                  ,Jay Matthews,"Oct 9, 2003",38.896,-77.443,Virginia
1124,Wheaton,11160 Veirs Mill Rd,Wheaton,MD,20902-2538,(301) 692-1330                  ,Valene Petillo,"Apr 10, 2013",39.036,-77.056,Maryland
1000,Columbia MD,6675 Marie Curie Dr,Elkridge,MD,21075-6457,(410) 423-4052                  ,Steve Senerchia,"Oct 5, 2007",39.187,-76.794,Maryland
303,Avon MA,120 Stockwell Dr,Avon,MA,02322-1149,(508) 232-4000                  ,Joe Buchino,"Sep 12, 1991",42.137,-71.066,Massachusetts
319,Dedham,200 Legacy Blvd,Dedham,MA,02026-2653,(781) 251-9975                  ,Tj Cleary,"Mar 17, 1998",42.232,-71.173,Massachusetts
333,Everett MA,2 Mystic View Rd,Everett,MA,02149-2428,(617) 544-4806                  ,Ken Lachance,"Nov 21, 2002",42.397,-71.072,Massachusetts
308,Waltham,71 2Nd Ave,Waltham,MA,02451-1107,(781) 622-3883                  ,John Stather,"Nov 10, 1993",42.395,-71.265,Massachusetts
301,Danvers,11 Newbury St,Danvers,MA,01923-1014,(978) 750-1000                  ,Greg Celentano,"Nov 29, 1990",42.557,-70.977,Massachusetts
1372,E Lyme,284 Flanders Rd,East Lyme,CT,06333-1710,(860) 691-9647                  ,Joe Lacerva,"Nov 14, 2019",41.36,-72.214,Connecticut
307,Nashua,311 Daniel Webster Hwy,Nashua,NH,03060-5702,(603) 888-3640                  ,Bob Grady,"Mar 18, 1992",42.702,-71.443,New Hampshire
1493,South Windsor,1220 Tamarack Ave,South Windsor,CT,06074,(860) 474-4031                  ,Michael Bianchi,"Nov 16, 2021",41.818,-72.556,Connecticut
780,Enfield,75 Freshwater Blvd,Enfield,CT,06082-3854,(860) 394-2000                  ,Todd Cunningham,"Jul 29, 2004",41.993,-72.576,Connecticut
302,West Springfield,119 Daggett Dr,West Springfield,MA,01089-4672,(413) 747-5518                  ,Chris Roberts,"Nov 8, 1990",42.132,-72.621,Massachusetts
1199,Princeton,4100 Quakerbridge Rd,Lawrence Township,NJ,08648-4702,(609) 779-7000                  ,Zoya Vlady,"Aug 25, 2016",40.282,-74.675,New Jersey
356,Huntsville,1205 N. Memorial Pkwy,Huntsville,AL,35801-5930,(256) 519-2220                  ,Ryan Sultan,"Nov 2, 2000",34.744,-86.603,Alabama
1448,Murfreesboro,1524 Beasie Rd,Murfreesboro,TN,37128,(615) 439-2639                  ,Chris Harman,"Jul 20, 2021",35.826,-86.417,Tennessee
386,Brentwood,98 Seaboard Ln,Brentwood,TN,37027-2930,(615) 493-1003                  ,Glenn Mcchesney  Mgr,"Aug 27, 1999",35.964,-86.817,Tennessee
630,W Nashville,6670 Charlotte Pike,Nashville,TN,37209-4202,(615) 354-5100                  ,Rolando Mestre,"Nov 14, 2006",36.14,-86.885,Tennessee
1083,Fort Oglethorpe,100 Cobb Pkwy,Ringgold,GA,30736-8566,(706) 891-2579                  ,Chase Pullen,"Oct 27, 2010",34.968,-85.194,Georgia
362,Hoover,3650 Galleria Cir,Hoover,AL,35244-2346,(205) 909-1039                  ,Anny Alfonso,"Nov 20, 2003",33.379,-86.812,Alabama
1659,Hendersonville,1101 Forest Retreat Rd,Hendersonville,TN,37075,(615) 348-3248                  ,Matt Freitas,"Nov 15, 2023",36.329,-86.623,Tennessee
1389,Dallas GA,1715 Charles Hardy Pkwy,Dallas,GA,30157,(404) 806-4595                  ,Jose Rodrigues,"Mar 11, 2021",33.921,-84.764,Georgia
1295,Woodstock,113 Lincoln St,Woodstock,GA,30188-7800,(770) 694-7193                  ,Carlos Rosales,"Aug 9, 2018",34.12,-84.516,Georgia
189,Town Center,645 Barrett Parkway Nw,Kennesaw,GA,30144-4922,(770) 794-1767                  ,Dave Kraff,"Sep 13, 1997",34.005,-84.57,Georgia
1279,Traverse City,125 E South Airport Rd,Traverse City,MI,49686-4864,(231) 252-7000                  ,Dave Williams     Mgr,"Oct 26, 2017",44.734,-85.572,Michigan
1420,Midland,4816 Bay City Rd,Midland,MI,48642,(989) 488-1553                  ,Mark Zuerner      Mgr,"Nov 12, 2020",43.603,-84.17,Michigan
784,Grand Rapids,5100 28Th St Se,Grand Rapids,MI,49512-2049,(616) 233-4401                  ,Sara Lupton     Mgr,"Dec 9, 2004",42.911,-85.543,Michigan
1277,East Lansing,2540 E Saginaw Highway,East Lansing,MI,48823-9719,(517) 903-5000                  ,Patrick Mulholland,"Oct 27, 2017",42.752,-84.444,Michigan
744,Wyoming,4901 Wilson Ave Sw,Wyoming,MI,49418-8788,(616) 406-2651                  ,Craig Jamieson   Mgr,"Jun 16, 2005",42.876,-85.763,Michigan
376,Auburn Hills,400 Brown Rd,Auburn Hills,MI,48326-1305,(248) 648-0003                  ,David Pierce      Mgr,"Nov 22, 2000",42.706,-83.296,Michigan
786,Green Oak Township,6700 Whitmore Lake Rd,Brighton,MI,48116-2160,(810) 220-8950                  ,Stephanie Tagai   Mgr,"Dec 8, 2004",42.504,-83.762,Michigan
1037,Bloomfield,2343 S Telegraph Rd,Bloomfield,MI,48302-0254,(248) 836-1603                  ,Ryan Yarrington,"May 1, 1998",42.607,-83.293,Michigan
341,Commerce Township,3000 Commerce Xing,Commerce Township,MI,48390-3082,(248) 529-2300                  ,Harley Trader,"Sep 25, 2003",42.534,-83.445,Michigan
1629,Kyle,19086 Ih 35,Kyle,TX,78640,(512) 400-2311                  ,Mike Cox          Mgr,"Mar 30, 2023",30.002,-97.867,Texas
641,S Austin,4301 W William Cannon Dr Bldg A Ste,Austin,TX,78749-1499,(512) 382-3013                  ,Armando Flores,"Jun 1, 2006",30.219,-97.842,Texas
681,Austin,10401 Research Blvd,Austin,TX,78759-5712,(512) 634-2253                  ,Brenda Philpott,"Aug 30, 2001",30.396,-97.744,Texas
1322,Pflugerville,1901 Kelly Ln,Pflugerville,TX,78660,(737) 888-6037                  ,Dave Schutter     Mgr,"Jul 26, 2018",30.469,-97.591,Texas
1006,Selma,15330 Ih-35 North,Selma,TX,78154-3814,(210) 332-1072                  ,Steve Fraga,"Oct 17, 2007",29.576,-98.319,Texas
1152,Cedar Park TX,4601 183A Toll Rd,Cedar Park,TX,78613-6310,(512) 690-9059                  ,Dan Leonhardt    Mgr,"Nov 22, 2013",30.527,-97.819,Texas
693,Sonterra Park,1201 N Loop 1604 E,San Antonio,TX,78232-1322,(210) 403-4703                  ,Lesley Mckay,"Jul 11, 2002",29.612,-98.475,Texas
1385,Georgetown,2201A N Ih 35,Georgetown,TX,78628,(512) 240-9201                  ,Scott Woods       Mgr,"Jul 14, 2023",30.677,-97.664,Texas
689,NW San Antonio,5611 Utsa Blvd,San Antonio,TX,78249-1619,(210) 200-2050                  ,Brian Barsky,"Nov 3, 2001",29.576,-98.597,Texas
1449,W San Antonio,191 W Loop 1604 S,San Antonio,TX,78245-4191,(210) 868-6725                  ,Mark Barnes,"Sep 23, 2021",29.431,-98.715,Texas
241,New Rochelle,1 Industrial Ln,New Rochelle,NY,10805-1203,(914) 235-2233                  ,Frank Torres,"Jun 3, 1994",40.896,-73.795,New York
326,Port Chester,1 Westchester Ave,Port Chester,NY,10573-4314,(914) 935-3103                  ,Dan Callaghan,"Aug 29, 2002",41.0,-73.661,New York
321,Yonkers,20 Stew Leonard Dr,Yonkers,NY,10710-7204,(914) 595-1003                  ,Fausto Mendoza,"Oct 29, 1999",40.974,-73.862,New York
1062,Manhattan,517 E 117Th St,New York,NY,10035-4409,(212) 896-5875                  ,Mike Devita,"Nov 12, 2009",40.796,-73.931,New York
226,Westbury,1250 Old Country Rd,Westbury,NY,11590-5624,(516) 683-8300                  ,Telly Colon,"Oct 24, 1992",40.744,-73.598,New York
1070,Rego Park,6135 Junction Blvd,Rego Park,NY,11374-2771,(718) 760-2180                  ,Rob Abramski,"Jul 8, 2010",40.733,-73.863,New York
243,Queens,3250 Vernon Blvd,Long Island City,NY,11106-4927,(718) 267-3680                  ,Frank Napolitano,"Nov 20, 1996",40.768,-73.939,New York
729,Hackensack Business Center,80 S River St,Hackensack,NJ,07601-6954,(201) 296-3044                  ,Phil Faulkner,"Mar 15, 2016",40.876,-74.039,New Jersey
324,Norwalk CT,779 Connecticut Avenue,Norwalk,CT,06854-1615,(203) 822-2003                  ,Scott Derubertis Mgr,"May 9, 2001",41.092,-73.452,Connecticut
1214,Teterboro,2 Teterboro Landing Dr,Teterboro,NJ,07608-1120,(201) 596-7001                  ,George Acosta,"Jul 21, 1994",40.861,-74.064,New Jersey
1491,Verona,1000 Batker Court,Verona,WI,53593,(608) 497-8355                  ,Silvia Comunale,"Aug 17, 2022",42.971,-89.509,Wisconsin
1353,Loves Park,5000 Stadium Drive,Loves Park,IL,61111,(779) 513-8397                  ,Koula Wynn,"Aug 23, 2019",42.321,-88.961,Illinois
1101,Pewaukee,443 Pewaukee Rd,Pewaukee,WI,53072-5886,(262) 956-6700                  ,Mark Gibson       Mgr,"Oct 27, 2011",43.089,-88.231,Wisconsin
1212,New Berlin,15300 West Grange Ave,New Berlin,WI,53151-7909,(262) 599-7030                  ,John Checa        Mgr,"Nov 6, 2015",42.945,-88.106,Wisconsin
1198,Pleasant Prairie,7707 94Th Ave,Pleasant Prairie,WI,53158-1955,(262) 597-1027                  ,Sandy Zipp,"Jun 12, 2015",42.564,-87.92,Wisconsin
774,Lake In The Hills,250 N Randall Rd,Lake In The Hills,IL,60156-5943,(847) 960-9910                  ,Michelle Wood,"Jul 8, 2004",42.179,-88.339,Illinois
106,Aurora Village,1175 N 205Th St,Shoreline,WA,98133-3206,(206) 546-0480                  ,Jeff Bacigalupi,"Jun 30, 1994",47.775,-122.344,Washington
115,Lynnwood Business Center,19105 Highway 99,Lynnwood,WA,98036-5228,(425) 640-7700                  ,Joey Bolek       Mgr,"Oct 3, 1996",47.826,-122.31,Washington
1190,Lynnwood,18109 33Rd Ave W,Lynnwood,WA,98037-4840,(425) 697-1062                  ,Andrea Lowden,"Oct 1, 2015",47.834,-122.273,Washington
114,Everett WA,10200 19Th Ave Se,Everett,WA,98208-4256,(425) 379-7451                  ,Rusty Millsap,"Nov 1, 1984",47.904,-122.21,Washington
747,Woodinville,24008 Snohomish Woodinville Rd,Woodinville,WA,98072-9743,(425) 806-7700                  ,Israel Martinez,"Aug 26, 2005",47.78,-122.148,Washington
8,Kirkland,8629 120Th Ave Ne,Kirkland,WA,98033-5822,(425) 827-1693                  ,Jeremy Cook,"Aug 29, 1985",47.681,-122.181,Washington
1225,Redmond,7725 188Th Ave Ne,Redmond,WA,98052-6088,(425) 406-5382                  ,Crystal Fleming,"Nov 11, 2016",47.673,-122.091,Washington
1,Seattle,4401 4Th Ave S,Seattle,WA,98134-2311,(206) 622-3136                  ,Thad Kleszcz,"Sep 15, 1983",47.565,-122.331,Washington
1588,Lake Stevens,9210 24Th Street Se,Lake Stevens,WA,98258,(425) 367-6422                  ,Chris Long,"Dec 2, 2022",47.975,-122.105,Washington
13,Silverdale,10000 Mickelberry Rd Nw,Silverdale,WA,98383-8302,(360) 692-9213                  ,Doug Reed,"Nov 25, 1986",47.657,-122.68,Washington
1334,Bayonne,21 Goldsborough Dr,Bayonne,NJ,07002,(201) 354-2335                  ,Marcin Stroz,"Mar 7, 2019",40.674,-74.104,New Jersey
306,Clifton,20 Bridewell Pl,Clifton,NJ,07014-1724,(973) 779-8715                  ,Mike Freeman,"Jul 1, 1992",40.832,-74.137,New Jersey
320,Union,1055 Hudson St,Union,NJ,07083-6809,(908) 810-1458                  ,Greg Grover,"Nov 19, 1998",40.694,-74.288,New Jersey
318,Brooklyn,976 3Rd Ave,Brooklyn,NY,11232-2400,(718) 965-7603                  ,Rolando Pitre,"Nov 21, 1996",40.655,-74.009,New York
1177,Wayne,149 State Route 23,Wayne,NJ,07470-6933,(973) 339-4006                  ,Rob Velona,"Sep 28, 1991",40.891,-74.255,New Jersey
316,Staten Island,2975 Richmond Ave,Staten Island,NY,10314-5851,(718) 982-9525                  ,Joe Scalici,"Dec 15, 1995",40.573,-74.169,New York
384,Deerfield,9691 Waterstone Blvd,Cincinnati,OH,45249-8220,(513) 774-0024                  ,Tim Borsvold,"Feb 16, 2000",39.296,-84.303,Ohio
1197,Florence,800 Heights Blvd,Florence,KY,41042-1415,(859) 568-7000                  ,Brad Voth,"Nov 11, 2015",38.989,-84.645,Kentucky
1632,Liberty Township,7135 Veterans Boulevard,Liberty Township,OH,45069,(513) 346-7940                  ,Shelby Perez,"Dec 6, 2000",39.37,-84.358,Ohio
1185,Centerville,5300 Cornerstone North Blvd,Centerville,OH,45440-2268,(937) 640-6000                  ,Glen Greer,"Nov 13, 2014",39.662,-84.107,Ohio
1156,Lexington,1500 Fitzgerald Ct,Lexington,KY,40509-8307,(859) 245-3620                  ,David Lucero,"Oct 18, 2013",38.025,-84.41,Kentucky
634,NE Louisville,5020 Norton Healthcare Blvd,Louisville,KY,40241-2835,(502) 420-0160                  ,Nick Ryan,"Oct 26, 2006",38.316,-85.573,Kentucky
1243,NW Columbus,7300 State Route 161 E,Plain City,OH,43064-9276,(614) 733-5002                  ,Linda Sabo       Mgr,"Aug 11, 2016",40.11,-83.189,Ohio
1238,Louisville,3408 Bardstown Rd,Louisville,KY,40218-4608,(502) 912-9869                  ,Brian Dew,"Aug 27, 2016",38.204,-85.669,Kentucky
1160,Easton OH,3888 Stelzer Rd,Columbus,OH,43219-3044,(614) 934-6211                  ,Greg Eagleton   (Mgr),"Oct 4, 2013",40.054,-82.905,Ohio
632,Columbus,1500 Gemini Pl,Columbus,OH,43240-7002,(614) 987-1900                  ,Daniel Bennett   Mgr,"Nov 29, 2006",40.15,-82.977,Ohio
1040,St Charles,221 S Randall Rd,Saint Charles,IL,60174-1524,(630) 549-2024                  ,Todd Becker,"Nov 14, 2008",41.909,-88.342,Illinois
371,Bloomingdale,505 W Army Trail Rd,Bloomingdale,IL,60108-1391,(630) 351-3059                  ,Robyn Lightle,"Dec 7, 2001",41.941,-88.134,Illinois
378,Lake Zurich,680 S Rand Rd,Lake Zurich,IL,60047-3409,(847) 540-3050                  ,Theresa Williams,"Feb 21, 2001",42.187,-88.093,Illinois
387,Schaumburg,1375 N Meacham Rd,Schaumburg,IL,60173-4805,(847) 969-0790                  ,Reese Wells,"Nov 17, 1998",42.055,-88.042,Illinois
1443,NE Naperville,1255 East Ogden Ave,Naperville,IL,60563,(331) 215-5612                  ,Adam Sudol,"Aug 19, 2021",41.798,-88.124,Illinois
342,Naperville,1320 S Route 59,Naperville,IL,60564-5944,(630) 328-2900                  ,Matt Brubaker,"Jul 1, 2003",41.746,-88.204,Illinois
779,Mt Prospect,999 N Elmhurst Rd,Mount Prospect,IL,60056-1133,(847) 660-2000                  ,Rashar Coats,"Oct 13, 2004",42.083,-87.933,Illinois
388,Oak Brook,1901 W 22Nd St,Oak Brook,IL,60523-1759,(630) 928-0235                  ,Chris Barbarino,"Nov 17, 1998",41.845,-87.965,Illinois
1262,W Tampa,8712 W Linebaugh Ave,Tampa,FL,33625-3713,(813) 616-7001                  ,Anthony Sardegna,"Feb 9, 2017",28.042,-82.58,Florida
358,Brandon,10921 Causeway Blvd,Brandon,FL,33511-1997,(813) 952-0103                  ,Gary Mossner,"Nov 28, 2000",27.921,-82.331,Florida
1249,Wesley Chapel,2225 Grand Cypress Dr,Lutz,FL,33559-6797,(813) 279-7031                  ,Tom Spicer,"Feb 8, 2017",28.189,-82.394,Florida
336,Clearwater,2655 Gulf To Bay Blvd,Clearwater,FL,33759-4936,(727) 373-1951                  ,John Davidson,"May 15, 2003",27.957,-82.728,Florida
1364,Bradenton,805 Lighthouse Drive,Bradenton,FL,34212,(941) 213-0747                  ,Hector Mencia,"Aug 21, 2019",27.495,-82.47,Florida
1123,Sarasota Mall,8201 S Tamiami Trl Unit 501,Sarasota,FL,34238-2966,(941) 554-2800                  ,Ledif Bobey,"Aug 17, 2012",27.235,-82.491,Florida
1649,Clermont,4600 Collina Terrace,Clermont,FL,34711,(689) 407-3663                  ,Gabe Vargas     (Mgr),"Nov 14, 2023",28.548,-81.667,Florida
651,Orlando Business Center,2101 Waterbridge Blvd,Orlando,FL,32837-9283,(407) 586-7271                  ,Kevin Gilbert    Mgr,"Aug 26, 2016",28.404,-81.406,Florida
1235,S Orlando,4696 Gardens Park Blvd,Orlando,FL,32839-2171,(407) 586-7221                  ,Steve Cimino   (Mgr),"Sep 18, 1986",28.496,-81.425,Florida
183,Altamonte Springs,741 Orange Ave,Altamonte Springs,FL,32714-3031,(407) 786-7802                  ,Delroy Whittick,"Jun 20, 1985",28.661,-81.418,Florida
1009,Montgomery,8251 Eastchase Pkwy,Montgomery,AL,36117-7033,(334) 270-7452                  ,Mark Butts,"Oct 4, 2007",32.364,-86.151,Alabama
631,Cumberland Mall,2900 Cumberland Mall Se,Atlanta,GA,30339-8107,(770) 431-1700                  ,David Jackson,"Nov 15, 2006",33.881,-84.471,Georgia
1195,Rochester NY,335 Westfall Road,Rochester,NY,14620-4603,(585) 471-6906                  ,Nicholas Calkins,"Jun 5, 2015",43.114,-77.613,New York
1176,Syracuse,120 Township Blvd,Camillus,NY,13031-1659,(315) 883-2361                  ,J.B. Swiger,"Oct 24, 2014",43.057,-76.268,New York
315,Wharton,315 State Route 15 N,Wharton,NJ,07885-1222,(973) 659-2000                  ,Miracles Amodio  Mgr,"Nov 9, 1993",40.907,-74.569,New Jersey
328,Cranberry Township,1050 Cranberry Square Dr,Cranberry Township,PA,16066-6142,(724) 778-6300                  ,Duane Winterbottom,"Nov 28, 2001",40.691,-80.108,Pennsylvania
305,Nanuet,50 Overlook Blvd,Nanuet,NY,10954-5290,(845) 425-1469                  ,J0El Brandstrom,"Jun 30, 1992",41.107,-74.025,New York
1236,Flemington,2A Walter E Foran Blvd N,Flemington,NJ,08822,(908) 905-7210                  ,David Klacik (Temp),"Nov 17, 2016",40.522,-74.852,New Jersey
1442,Little Rock,16901 Chenal Parkway,Little Rock,AR,72223,(501) 817-8603                  ,Tom Zeien,"Jul 21, 2021",34.757,-92.454,Arkansas
1366,Ridgeland,700 Highland Colony Pkwy,Ridgeland,MS,39157,(601) 499-8581                  ,Ralph Loaiza,"Mar 12, 2020",32.423,-90.147,Mississippi
1201,Lafayette,201 Meadow Farm Rd,Lafayette,LA,70508-7277,(337) 541-7025                  ,Misty Barrera   (Mgr),"Mar 17, 2016",30.156,-92.043,Louisiana
664,E Plano,3800 N Central Expy,Plano,TX,75074-2221,(972) 244-0003                  ,Sean Beckham Mgr,"Sep 21, 2000",33.044,-96.7,Texas
1266,Dallas,8055 Churchill Way,Dallas,TX,75251-2149,(469) 680-7546                  ,Rob Barnes,"May 11, 2017",32.919,-96.768,Texas
1172,Baton Rouge,10000 Dawnadele Ave Bldg A,Baton Rouge,LA,70809-2591,(225) 295-4600                  ,Ross Verduzco   Mgr,"Apr 25, 2014",30.419,-91.074,Louisiana
489,Fort Worth,5300 Overton Ridge Blvd,Fort Worth,TX,76132-3301,(817) 210-0003                  ,Jolene Moore     Mgr,"Sep 21, 2000",32.677,-97.409,Texas
668,Arlington,600 W Arbrook Blvd,Arlington,TX,76014-3702,(817) 417-1603                  ,Daniel Mccoey,"Apr 27, 2001",32.684,-97.113,Texas
669,Southlake,2601 E State Highway 114,Southlake,TX,76092-6668,(817) 749-2800                  ,Bill Yarbrough,"Apr 27, 2001",32.942,-97.111,Texas
667,SE Albuquerque,500 Eubank Blvd Se,Albuquerque,NM,87123-3338,(505) 332-6603                  ,Steven Paiz,"Oct 24, 2000",35.068,-106.531,New Mexico
116,Albuquerque,1420 N Renaissance Blvd Ne,Albuquerque,NM,87107-7008,(505) 345-9411                  ,Austin Baucom,"Dec 1, 1984",35.137,-106.614,New Mexico
1016,NW Albuquerque,9955 Coors Bypass Nw,Albuquerque,NM,87114-6196,(505) 922-7400                  ,Lashan Ford,"Dec 7, 2007",35.195,-106.661,New Mexico
1163,Lubbock TX,6020 34Th St,Lubbock,TX,79407-3102,(806) 784-1450                  ,Albert Zuniga,"Nov 15, 2013",33.564,-101.947,Texas
1014,E Colorado Springs,5885 Barnes Rd,Colorado Springs,CO,80922-3512,(719) 591-3002                  ,Curry Stratton,"Feb 20, 2008",38.892,-104.717,Colorado
1030,W Colorado Springs,5050 N Nevada Ave,Colorado Springs,CO,80918-8602,(719) 264-5010                  ,Joseph Washington Jr,"Oct 29, 2009",38.905,-104.821,Colorado
768,El Paso,6101 Gateway Blvd W Suite #1,El Paso,TX,79925-3416,(915) 774-5203                  ,Eduardo Robles  (Mgr),"Nov 13, 2003",31.783,-106.41,Texas
1022,Parker,18414 Cottonwood Dr,Parker,CO,80138-8876,(303) 583-1939                  ,Aaron Johnson,"Aug 22, 2008",39.556,-104.775,Colorado
468,Douglas County,8686 Park Meadows Center Dr,Littleton,CO,80124-5129,(303) 708-0012                  ,Cameron Lynch     Mgr,"Nov 20, 1997",39.558,-104.877,Colorado
443,SW Denver,7900 W Quincy Ave,Littleton,CO,80123-1350,(303) 933-4931                  ,Cynthia Cordell,"Aug 1, 1991",39.637,-105.086,Colorado
101,Bend,2500 Ne Highway 20,Bend,OR,97701-6277,(541) 385-9640                  ,Jonathan Matlock,"Aug 17, 1993",44.057,-121.267,Oregon
17,Eugene,2828 Chad Dr,Eugene,OR,97408-7336,(541) 683-8126                  ,Jeremy Jolliff,"Nov 9, 1989",44.089,-123.065,Oregon
624,Gig Harbor,10990 Harbor Hill Dr Nw,Gig Harbor,WA,98332-8945,(253) 853-8600                  ,Cassie Johnson,"Nov 2, 2007",47.358,-122.604,Washington
6,Tukwila,400 Costco Dr Ste 150,Tukwila,WA,98188-4808,(206) 575-9191                  ,Dave Ryan        Mgr,"Aug 30, 1984",47.446,-122.248,Washington
366,Mall Of Georgia,1550 Mall Of Georgia Blvd,Buford,GA,30519-6551,(678) 288-3009                  ,Jacquelyne Lartey,"May 3, 2006",34.062,-83.996,Georgia
1621,Athens,5550 Parkway Blvd,Athens,GA,30606,(706) 247-8134                  ,Trevor Ivie,"Nov 15, 2022",33.92,-83.457,Georgia
1175,Cumming,1211 Bald Ridge Marina Rd,Cumming,GA,30041-8484,(470) 239-6610                  ,Derrick Robinson,"Aug 29, 2014",34.213,-84.116,Georgia
187,Gwinnett,3980 Venture Dr,Duluth,GA,30096-5077,(770) 622-1330                  ,Shelley Pulmano,"Nov 13, 1996",33.948,-84.143,Georgia
743,Alpharetta,2855 Jordan Ct,Alpharetta,GA,30004-3869,(678) 823-4950                  ,Todd Galanti      Mgr,"Jun 4, 2005",34.091,-84.278,Georgia
188,Perimeter,6350 Peachtree Dunwoody Rd,Atlanta,GA,30328-4568,(770) 352-8660                  ,Ainsley Brown,"Nov 13, 1996",33.929,-84.354,Georgia
1084,Brookhaven,500 Brookhaven Ave Ne,Atlanta,GA,30319-3291,(404) 460-1915                  ,Eddie Kimpel (Mgr),"Oct 28, 2010",33.873,-84.336,Georgia
671,Hawthorne,14501 Hindry Avenue,Hawthorne,CA,90250-6748,(310) 727-0403                  ,James Studebaker,"Dec 5, 2000",33.899,-118.373,California
564,Hawthorne Business Center,12530 Prairie Ave,Hawthorne,CA,90250-4638,(310) 220-8826                  ,Dewayne Day    (Mgr),"Mar 20, 2009",33.919,-118.343,California
1202,Torrance,2640 Lomita Blvd,Torrance,CA,90505-5214,(310) 891-1020                  ,Nick Benekos,"Sep 24, 1998",33.807,-118.334,California
769,Inglewood,3560 W Century Blvd,Inglewood,CA,90303-1201,(310) 242-2777                  ,Johanna Diaz,"Jul 8, 1985",33.943,-118.334,California
479,Culver City,13463 Washington Blvd,Marina Del Rey,CA,90292-5658,(310) 754-2003                  ,Carl Barrio,"Jun 24, 1999",33.993,-118.446,California
424,Signal Hill,2200 E Willow St,Signal Hill,CA,90755-2132,(562) 427-2537                  ,Monica Zavala,"Nov 1, 1986",33.803,-118.165,California
1050,Lakewood,340 Lakewood Center Mall,Lakewood,CA,90712-2409,(562) 295-1508                  ,David Diaz,"Feb 26, 2009",33.85,-118.137,California
569,Commerce Business Center,6333 Telegraph Rd,Commerce,CA,90040-2513,(323) 767-2640                  ,Miguel Gallardo,"Jul 23, 2009",33.995,-118.141,California
410,Norwalk CA,12324 Hoxie Ave,Norwalk,CA,90650-2211,(562) 929-0826                  ,Jenn Pell,"Apr 17, 1983",33.92,-118.103,California
130,Los Feliz,2901 Los Feliz Blvd,Los Angeles,CA,90039-1502,(323) 644-5201                  ,Scott Kirby,"Nov 15, 1996",34.128,-118.264,California
1005,Greenville,1021 Woodruff Rd,Greenville,SC,29607-4108,(864) 297-2560                  ,Sal Tortorici,"Aug 16, 2007",34.836,-82.311,South Carolina
1008,Spartanburg,211 W Blackstock Rd,Spartanburg,SC,29301-1382,(864) 515-4942                  ,Dinah Romaella,"Aug 15, 2007",34.94,-81.997,South Carolina
1116,Farragut,10745 Kingston Pike,Knoxville,TN,37934-3002,(865) 218-7700                  ,Harker Weiss,"Nov 9, 2012",35.896,-84.14,Tennessee
359,Charlotte,500 Tyvola Rd,Charlotte,NC,28217-3504,(704) 501-2403                  ,Mike Minter,"Jun 21, 2001",35.162,-80.885,North Carolina
1333,Mooresville,392 Talbert Rd,Mooresville,NC,28117,(980) 447-9749                  ,Troy Rea,"Jun 26, 2019",35.582,-80.855,North Carolina
1192,Mobile,1450 Tingle Circle West,Mobile,AL,36606-2632,(251) 308-7030                  ,Greg Wright,"Jun 4, 2015",30.649,-88.119,Alabama
1147,New Orleans,3900 Dublin St,New Orleans,LA,70118-4754,(504) 484-5220                  ,Warren Wass       Mgr,"Sep 21, 2013",29.968,-90.11,Louisiana
1026,Tallahassee,4067 Lagniappe Way,Tallahassee,FL,32317-1201,(850) 219-2500                  ,Curtis Leuck,"Apr 9, 2008",30.461,-84.213,Florida
1361,Sharpsburg,40 Fischer Crossings Dr,Sharpsburg,GA,30277,(678) 621-8594                  ,Brenda Woods,"Aug 22, 2019",33.4,-84.622,Georgia
67,Missoula,3220 N Reserve St,Missoula,MT,59808-1556,(406) 543-6445                  ,Bejay Henrickson,"Nov 27, 1991",46.895,-114.038,Montana
745,Kalispell,2330 Us Highway 93 N,Kalispell,MT,59901-2547,(406) 758-2500                  ,Matt Keersemaker,"Dec 3, 1993",48.234,-114.333,Montana
633,Helena,2195 E Custer Ave,Helena,MT,59602-1217,(406) 495-7042                  ,Daniel Manibusan,"Nov 28, 2006",46.616,-112.003,Montana
773,Coeur D' Alene,355 E Neider Ave,Coeur D' Alene,ID,83815-3723,(208) 676-7351                  ,Alan Demers      Mgr,"Apr 22, 2004",47.709,-116.783,Idaho
103,Clarkston,301 5Th St,Clarkston,WA,99403-1860,(509) 758-1800                  ,Rich Triggs,"Jul 29, 1993",46.423,-117.042,Washington
96,Bozeman,2505 Catron St,Bozeman,MT,59718-7993,(406) 585-0383                  ,Scott Buchanan Temp,"Aug 28, 1997",45.713,-111.07,Montana
670,Spokane,5601 E Sprague Ave,Spokane,WA,99212-0826,(509) 842-0003                  ,Shelly Tyler,"Dec 1, 1983",47.658,-117.333,Washington
1298,N Spokane,12020 N Newport Hwy,Spokane,WA,99218-1655,(509) 466-9668                  ,Marty Balcos,"Oct 16, 1992",47.766,-117.383,Washington
1379,Idaho Falls,2495 E. Lincoln Road,Idaho Falls,ID,83401,(986) 497-3149                  ,Greg Gillingham,"Aug 14, 2020",43.513,-111.985,Idaho
486,Kennewick,8505 W. Gage Blvd,Kennewick,WA,99336-8120,(509) 737-8861                  ,Shawn Hancock,"Jul 1, 1987",46.226,-119.235,Washington
490,N Phoenix,19001 N 27Th Ave,Phoenix,AZ,85027-5036,(623) 293-4400                  ,Kerry Haden-Temp,"Jun 22, 2000",33.66,-112.116,Arizona
674,Glendale,17550 N 79Th Ave,Glendale,AZ,85308-8711,(623) 776-4003                  ,Jen Welker,"Aug 1, 1988",33.643,-112.233,Arizona
738,Cave Creek,2450 E Beardsley Rd,Phoenix,AZ,85050-1300,(480) 375-2850                  ,Mickey Wilson,"Nov 11, 2005",33.671,-112.028,Arizona
1058,Paradise Valley,4570 E Cactus Rd,Phoenix,AZ,85032-7702,(480) 308-7044                  ,Paul Woods,"Sep 18, 2009",33.604,-111.986,Arizona
827,Phoenix Business Center,3801 N 33Rd Ave,Phoenix,AZ,85017-4508,(480) 293-2123                  ,Travis Disney,"Nov 20, 2001",33.492,-112.128,Arizona
1375,Surprise,16385 W. Waddell Rd.,Surprise,AZ,85388,(602) 325-1799                  ,Alex Valasakos,"Nov 1, 1978",33.608,-112.412,Arizona
427,Scottsdale,15255 N Hayden Rd,Scottsdale,AZ,85260-2551,(480) 948-5040                  ,Mark Bonaguidi   Mgr,"Jul 6, 1987",33.623,-111.901,Arizona
691,Avondale,10000 W Mcdowell Rd,Avondale,AZ,85392-4803,(623) 907-5663                  ,Joe Courtright,"Oct 11, 2002",33.467,-112.274,Arizona
1653,Buckeye,1111 N. Verrado Way,Buckeye,AZ,85326,(480) 618-4000                  ,Jeff Gilkey,"Jul 13, 2023",33.46,-112.501,Arizona
1111,Coralville,2900 Heartland Dr,Coralville,IA,52241-2740,(319) 545-3200                  ,Tyler O'Dwyer,"Jun 27, 2012",41.699,-91.616,Iowa
1630,Ankeny,4000 Ne Spectrum Drive,Ankeny,IA,50021,(515) 686-8709                  ,Alan Caito,"Nov 17, 2022",41.762,-93.567,Iowa
788,West Des Moines,7205 Mills Civic Pkwy,West Des Moines,IA,50266-8140,(515) 222-2920                  ,Jacob Norton,"Dec 7, 2004",41.563,-93.805,Iowa
1125,Rochester MN,2020 Commerce Dr Nw,Rochester,MN,55901-3246,(507) 286-1860                  ,Suzanne Eisel,"Nov 16, 2012",44.047,-92.518,Minnesota
1325,Davenport,2790 E 53Rd St,Davenport,IA,52807-3007,(563) 893-7004                  ,Keith Bennett,"Oct 20, 2018",41.577,-90.534,Iowa
579,Morrow Business Center,1700 Mount Zion Rd,Morrow,GA,30260-3014,(678) 201-0003                  ,Kenny Armer,"Sep 4, 2012",33.572,-84.334,Georgia
1675,Stockbridge,2245 Jodeco Road,Mcdonough,GA,30253,(678) 272-3288                  ,Tim Johnson       Mgr,"Nov 16, 2023",33.481,-84.219,Georgia
1012,Omaha,12300 W Dodge Rd,Omaha,NE,68154-2382,(402) 952-3240                  ,Steve Vanderveer,"Oct 18, 2007",41.265,-96.106,Nebraska
1237,La Vista,12515 Portside Parkway,La Vista,NE,68128-5622,(402) 378-7398                  ,Dale Robertson,"Oct 26, 2016",41.178,-96.109,Nebraska
1285,Lincoln,1620 Pine Lake Road,Lincoln,NE,68512-3612,(531) 333-7559                  ,Clay Bradshaw,"Oct 28, 2017",40.739,-96.697,Nebraska
1268,N Kansas City,1600 Nw 88Th St,Kansas City,MO,64155-2410,(816) 857-7086                  ,Justin Chesak,"May 18, 2017",39.255,-94.599,Missouri
375,Kansas City,241 E Linwood Blvd,Kansas City,MO,64111-1119,(816) 216-0003                  ,Nathan Gentry,"Jan 12, 2001",39.067,-94.581,Missouri
373,Independence,19040 E Valley View Pkwy,Independence,MO,64055-7004,(816) 200-2003                  ,Jeremy Hoffman,"Oct 18, 2001",39.036,-94.357,Missouri
1226,Boston Heights,6720 Bass Pro Dr,Boston Heights,OH,44236-1198,(330) 341-7000                  ,Latrick Dominguez,"Jun 22, 2016",41.265,-81.507,Ohio
625,Strongsville,16690 Royalton Rd,Strongsville,OH,44136-4433,(440) 783-3415                  ,Gustavo Clark     Mgr,"Nov 18, 2009",41.317,-81.816,Ohio
344,Mayfield Heights,1409 Golden Gate Blvd,Cleveland,OH,44124-1808,(440) 544-1350                  ,Mark Keen,"Oct 22, 2002",41.524,-81.447,Ohio
343,Avon OH,35804 Detroit Road,Avon,OH,44011-1681,(440) 930-0103                  ,Mike Gibson       Mgr,"Dec 10, 2002",41.46,-82.011,Ohio
1635,North Canton,4953 Huckleberry St Nw,North Canton,OH,44720,(330) 818-0000                  ,Matt Martin       Mgr,"Aug 17, 2023",40.886,-81.44,Ohio
332,Robinson,202 Costco Dr,Pittsburgh,PA,15205-4858,(412) 490-2204                  ,John Patrick,"Jul 9, 2002",40.459,-80.166,Pennsylvania
649,Homestead,501 Waterfront Dr W,Homestead,PA,15120-5009,(412) 205-1000                  ,Daniel Garrity,"Mar 8, 2007",40.403,-79.921,Pennsylvania
394,Roseville MI,27118 Gratiot Ave,Roseville,MI,48066-2915,(586) 447-0191                  ,Omar Nezami,"May 1, 1998",42.496,-82.935,Michigan
1194,Perrysburg,26400 Dixie Hwy,Perrysburg,OH,43551-1967,(567) 368-6000                  ,Bobby Bailey      Mgr,"Jun 11, 2015",41.535,-83.633,Ohio
208,White Marsh,9919 Pulaski Hwy,Baltimore,MD,21220-1411,(410) 574-7563                  ,Jamie Sessa,"Mar 12, 1988",39.358,-76.445,Maryland
203,Glen Burnie,575 E Ordnance Rd,Glen Burnie,MD,21060-6555,(410) 590-8603                  ,Rachael Booker,"Nov 15, 1985",39.196,-76.6,Maryland
325,Arundel Mills,7077 Arundel Mills Cir,Hanover,MD,21076-1387,(410) 379-3100                  ,Peggy Maines,"Dec 1, 2001",39.156,-76.731,Maryland
214,Beltsville,10925 Baltimore Ave,Beltsville,MD,20705-2117,(301) 902-2640                  ,Troy Tennyson,"Jun 2, 1990",39.032,-76.909,Maryland
1078,Woodmore Towne Centre,2400 Five Lees Ln,Glenarden,MD,20706-1617,(301) 341-6742                  ,David Douglasson,"Oct 26, 2010",38.923,-76.851,Maryland
1120,Washington DC,2441 Market St Ne,Washington,DC,20018-3840,(202) 269-8540                  ,Myles Withers,"Nov 29, 2012",38.921,-76.951,
1227,S Indianapolis,4628 E County Line Rd,Indianapolis,IN,46237-9105,(317) 360-7076                  ,James Harmon,"Jun 23, 2016",39.638,-86.089,Indiana
1331,Evansville,1201 Cross Pointe Pl,Evansville,IN,47715-9168,(812) 909-6572                  ,Hal Mccullum,"Jun 28, 2019",37.988,-87.462,Indiana
1577,Avon IN,8816 Dr. Charles Nelson Drive,Avon,IN,46123,(317) 286-4742                  ,Mike Donaldson,"Oct 29, 2021",39.766,-86.365,Indiana
346,Castleton,6110 E 86Th St,Indianapolis,IN,46250-3507,(317) 558-1453                  ,Travis Barclay   Mgr,"Oct 3, 2002",39.914,-86.062,Indiana
1007,Toledo,3405 W Central Ave,Toledo,OH,43606-1402,(419) 381-5000                  ,Mark Facemire     Mgr,"Aug 29, 2007",41.676,-83.625,Ohio
1663,Southfield Business Center,21110 Northwestern Hwy,Southfield,MI,48075,(248) 233-8431                  ,Todd Smith        Mgr,"Jan 25, 2024",42.448,-83.205,Michigan
304,Brookfield,200 Federal Rd,Brookfield,CT,06804-2514,(203) 740-7623                  ,Chris Deneale,"Nov 21, 1991",41.442,-73.406,Connecticut
313,Waterbury,3600 E Main St,Waterbury,CT,06705-3851,(203) 596-9967                  ,Dan Dicksen,"Oct 13, 1993",41.54,-72.968,Connecticut
312,Milford,1718 Boston Post Rd,Milford,CT,06460-2718,(203) 882-8881                  ,Kenn Calderon   Mgr,"Apr 22, 1993",41.251,-73.025,Connecticut
1196,New Britain,405 Hartford Rd,New Britain,CT,06053-1507,(860) 893-7001                  ,Jon Weller,"Oct 15, 2015",41.71,-72.763,Connecticut
206,Nesconset,3000 Middle Country Rd,Nesconset,NY,11767-1072,(631) 366-1504                  ,Nora Jovel,"Jul 13, 1987",40.86,-73.13,New York
240,Commack,10 Garet Pl,Commack,NY,11725-5421,(631) 462-3900                  ,Cheryll Serio,"Aug 25, 1995",40.807,-73.286,New York
785,Riverhead,1768 Old Country Rd,Riverhead,NY,11901-3146,(631) 655-0110                  ,Jacqueline Pirillo,"Jun 26, 2014",40.927,-72.707,New York
1122,Baxter,13650 Elder Dr,Baxter,MN,56425-8818,(218) 855-5740                  ,Rob Cook,"Oct 24, 2012",46.349,-94.247,Minnesota
367,Matthews,2125 Matthews Township Pkwy,Matthews,NC,28105-5766,(704) 321-7440                  ,Brandon Laughlin,"Nov 29, 2001",35.13,-80.704,North Carolina
1232,Columbia SC,507 Piney Grove Rd,Columbia,SC,29210-3405,(803) 875-7130                  ,Neil Lynch        Mgr,"Aug 10, 2016",34.071,-81.14,South Carolina
361,Winston Salem,1085 Hanes Mall Blvd,Winston Salem,NC,27103-1310,(336) 970-2300                  ,Keith Napolitano,"Sep 28, 2001",36.065,-80.318,North Carolina
1102,Augusta,825 Cabela Dr,Augusta,GA,30909-8202,(706) 739-1700                  ,Carlos Nunez     Mgr,"Nov 16, 2011",33.525,-82.02,Georgia
339,Greensboro,4201 W Wendover Ave,Greensboro,NC,27407-1908,(336) 291-4010                  ,Alfredo Rodriguez,"Nov 21, 2003",36.058,-79.884,North Carolina
1073,Roseburg,4141 Ne Stephens St,Roseburg,OR,97470-1161,(541) 378-0020                  ,Randy Richardson,"Aug 12, 2010",43.26,-123.35,Oregon
1287,Central Point,3075 Hamrick Road,Central Point,OR,97502-2844,(541) 734-4227                  ,Kellie Burroughs,"Oct 29, 1991",42.375,-122.887,Oregon
1384,Champaign,2002 N. Neil St,Champaign,IL,61820,(217) 600-6538                  ,Dan Iaquinta      Mgr,"Oct 22, 2020",40.141,-88.245,Illinois
1126,East Peoria,301 W Washington St,East Peoria,IL,61611-2036,(309) 427-2930                  ,Joe Dupuis,"Nov 14, 2012",40.669,-89.585,Illinois
1388,Plainfield,16261 S. Boulevard Place,Plainfield,IL,60586,(815) 676-1170                  ,Katthew Day,"Nov 11, 2020",41.587,-88.169,Illinois
347,Fortune Park,9010 Michigan Rd,Indianapolis,IN,46268-3184,(317) 532-1608                  ,William Kaufman   Mgr,"Oct 3, 2002",39.917,-86.227,Indiana
370,Merrillville,1310 E 79Th Ave,Merrillville,IN,46410-5768,(219) 641-6400                  ,Tom Cimino,"Oct 24, 2001",41.475,-87.322,Indiana
647,Orland Park,9915 W 159Th St,Orland Park,IL,60467-4572,(708) 645-5336                  ,Bob Losoya      Mgr,"Nov 30, 2006",41.6,-87.861,Illinois
1088,Bolingbrook,830 E Boughton Rd,Bolingbrook,IL,60440-2355,(630) 410-0702                  ,Steve Ftacek,"Nov 18, 2010",41.728,-88.032,Illinois
428,Alhambra,2207 W Commonwealth Ave,Alhambra,CA,91803-1302,(626) 289-7164                  ,Anthony Stout,"Aug 24, 1987",34.089,-118.148,California
1318,Monterey Park,2000 Market Place Dr,Monterey Park,CA,91755-7402,(323) 890-1904                  ,Damond Chapman,"Nov 6, 1993",34.037,-118.104,California
677,Burbank,1051 W Burbank Blvd,Burbank,CA,91506-1421,(818) 557-3783                  ,Nora Baca,"Nov 1, 1984",34.185,-118.324,California
412,Azusa,1220 W Foothill Blvd,Azusa,CA,91702-2819,(626) 812-7911                  ,Liz Gatten,"Oct 1, 1983",34.132,-117.926,California
653,Burbank Business Center,11428 Sherman Way,North Hollywood,CA,91605-5807,(818) 423-7082                  ,Matt Rizzo,"Aug 9, 2017",34.2,-118.38,California
679,City Of Industry,17550 Castleton St,City Of Industry,CA,91748-1701,(626) 839-3053                  ,Louis Parker,"Dec 19, 1986",33.994,-117.922,California
777,La Habra,101 N Beach Blvd,La Habra,CA,90631-4468,(562) 524-0001                  ,John Weaver,"Oct 26, 2005",33.933,-117.97,California
147,Foster City,1001 Metro Center Blvd,Foster City,CA,94404-2177,(650) 286-0739                  ,Kari Shields      Mgr,"Aug 4, 1994",37.562,-122.274,California
1042,Redwood City,2300 Middlefield Rd,Redwood City,CA,94063-2854,(650) 568-4040                  ,Roberta Gurney   Mgr,"Jun 1, 1983",37.479,-122.216,California
422,S San Francisco,451 S Airport Blvd,South San Francisco,CA,94080-6909,(650) 872-2021                  ,Ruben Hernandez  Mgr,"May 18, 1987",37.642,-122.401,California
654,S San Francisco Business Center,900 Dubuque Ave,South San Francisco,CA,94080-1805,(650) 784-4047                  ,Cindy Valencia    Mgr,"Aug 22, 2017",37.661,-122.401,California
475,El Camino,1600 El Camino Real,South San Francisco,CA,94080-1206,(650) 757-3003                  ,Beth Monroe       Mgr,"Oct 1, 1987",37.665,-122.448,California
143,Mountain View,1000 N Rengstorff Ave,Mountain View,CA,94043-1716,(650) 988-1841                  ,Todd Jerman,"Dec 9, 1992",37.421,-122.095,California
1061,Hayward,28505 Hesperian Blvd,Hayward,CA,94545-5008,(510) 921-3128                  ,Jeremy Christiansen,"Nov 24, 2009",37.615,-122.09,California
144,San Francisco,450 10Th St,San Francisco,CA,94103-4304,(415) 626-4388                  ,Eddie Bello,"Nov 18, 1993",37.771,-122.411,California
118,San Leandro,1900 Davis St,San Leandro,CA,94577-1209,(510) 562-6708                  ,Michael Reynolds,"May 21, 1987",37.72,-122.182,California
823,Hayward Business Center,22330 Hathaway Ave,Hayward,CA,94541-4861,(510) 259-6600                  ,Randall Urushima  Mgr,"Jul 5, 1992",37.668,-122.103,California
1294,W Jacksonville,8000 Parramore Rd,Jacksonville,FL,32244-5704,(904) 479-7521                  ,Jason Zook,"Feb 8, 2018",30.202,-81.757,Florida
357,E Jacksonville,4901 Gate Pkwy,Jacksonville,FL,32246-4405,(904) 997-7003                  ,Armando Zapata,"Nov 29, 2000",30.252,-81.534,Florida
1615,St Augustine,215 World Commerce Parkway,St. Augustine,FL,32092,(904) 687-1299                  ,Nash Myers,"Aug 3, 2022",29.982,-81.463,Florida
1681,Daytona,150 Pit Road,Daytona Beach,FL,32114,(386) 267-3200                  ,Donna Clinger     Mgr,"Feb 22, 2024",29.191,-81.072,Florida
393,Madison Heights,30550 Stephenson Hwy,Madison Heights,MI,48071-1611,(248) 616-0048                  ,Craig Martin,"May 1, 1998",42.516,-83.117,Michigan
374,Lakeside,45460 Market St,Shelby Township,MI,48315-6224,(586) 580-2000                  ,Lisa Barnhart     Mgr,"Oct 17, 2001",42.63,-82.979,Michigan
390,Middlebelt,13700 Middlebelt Rd,Livonia,MI,48150-2215,(734) 427-0563                  ,Narquita Steanhouse,"May 1, 1998",42.382,-83.332,Michigan
391,Haggerty,20000 Haggerty Rd,Livonia,MI,48152-1011,(734) 464-6399                  ,Peter Murad      Mgr,"May 1, 1998",42.433,-83.43,Michigan
349,Lenexa,9350 Marshall Dr,Lenexa,KS,66215-3845,(913) 227-3703                  ,Scott Frohning,"Nov 27, 2001",38.958,-94.733,Kansas
369,Overland Park,12221 Blue Valley Pkwy,Overland Park,KS,66213-2640,(913) 217-2050                  ,Kyle Shannon,"Feb 21, 2002",38.907,-94.671,Kansas
1486,Springfield,279 N. Eastgate Avenue,Springfield,MO,65802,(417) 512-8939                  ,Angela Bauer     Mgr,"Aug 18, 2021",37.207,-93.224,Missouri
1059,Warrenton,1804 Se Ensign Ln,Warrenton,OR,97146-7339,(503) 338-4103                  ,Ryan Jacobsen     Mgr,"Jul 15, 1993",46.147,-123.914,Oregon
351,Fort Myers,7171 Cypress Lake Dr,Fort Myers,FL,33907-6521,(239) 415-3806                  ,Barry Bland,"Sep 30, 1999",26.545,-81.874,Florida
621,Estero,10088 Gulf Center Dr,Fort Myers,FL,33913-8961,(239) 433-7240                  ,Denise George,"Apr 12, 2007",26.49,-81.786,Florida
354,Naples,6275 Naples Blvd,Naples,FL,34109-2030,(239) 596-6404                  ,Wane Herzog,"Dec 7, 1999",26.22,-81.775,Florida
238,Harrisonburg,1830 Reservoir St,Harrisonburg,VA,22801-8742,(540) 432-8989                  ,Bill Ruggiero,"May 4, 1995",38.428,-78.857,Virginia
1184,Charlottesville,3171 District Ave,Charlottesville,VA,22901-2784,(434) 328-7023                  ,Cindy Harman,"Jul 30, 2015",38.068,-78.49,Virginia
310,Lawrence,605 Rockaway Tpke,Lawrence,NY,11559-1047,(516) 371-2017                  ,Mike Ferraro,"Aug 12, 1993",40.631,-73.739,New York
1215,Oceanside,3705 Hampton Rd,Oceanside,NY,11572-4808,(516) 259-7002                  ,Andy Zepeda,"Aug 23, 2017",40.619,-73.652,New York
237,Melville,625 Broadhollow Rd,Melville,NY,11747-5006,(631) 293-8707                  ,Rob Coope,"Sep 16, 1989",40.758,-73.421,New York
230,Holbrook,125 Beacon Dr,Holbrook,NY,11741-4309,(631) 244-0292                  ,Mike Matukonis,"Aug 14, 1993",40.773,-73.05,New York
1657,Scarborough ME,455 Scarborough Downs Road,Scarborough,ME,04074,(207) 503-9902                  ,Brandon Hemenway,"Nov 17, 2023",43.609,-70.358,Maine
314,Colchester,218 Lower Mountain View Dr,Colchester,VT,05446-5830,(802) 318-2000                  ,Jason Marks,"Aug 25, 1993",44.504,-73.175,Vermont
1665,St John Business Center,8421 St John Industrial Lane,St. Louis,MO,63114,(314) 219-1195                  ,John Kompelien   Mgr,"Oct 24, 2023",38.705,-90.335,Missouri
1488,University City,8685 Olive Blvd,Saint Louis,MO,63132-2503,(314) 219-5300                  ,Jim Enriquez      Mgr,"Oct 25, 2022",38.676,-90.36,Missouri
368,S St Louis,4200 Rusty Rd,Saint Louis,MO,63128-1973,(314) 894-7950                  ,Rob Everitt,"Sep 20, 2002",38.508,-90.339,Missouri
1060,Manchester MO,301 Highlands Blvd Drive,Manchester,MO,63011-4385,(636) 686-7400                  ,Charise Trimnell Mgr,"Nov 17, 2009",38.598,-90.507,Missouri
382,St Peters,200 Costco Way,Saint Peters,MO,63376-4385,(636) 970-4004                  ,Jason Stricklin,"May 8, 2001",38.797,-90.607,Missouri
1089,Chesterfield,1401 Mall Dr,North Chesterfield,VA,23235-4887,(804) 464-9110                  ,Peter Demoleas,"Nov 3, 1990",37.514,-77.605,Virginia
205,W Henrico,9650 W Broad St,Glen Allen,VA,23060-4115,(804) 727-3050                  ,Chad Houston,"Nov 23, 1991",37.642,-77.561,Virginia
340,Fredericksburg,3102 Plank Rd # 600,Fredericksburg,VA,22407-4900,(540) 785-1160                  ,Jon Ward,"Jul 10, 2002",38.29,-77.516,Virginia
247,Newport News,12121 Jefferson Ave,Newport News,VA,23602-6916,(757) 746-2003                  ,Dale Benroth,"Sep 17, 1988",37.106,-76.497,Virginia
626,Potomac Mills,2700 Potomac Mills Circle,Woodbridge,VA,22192-4653,(703) 490-7410                  ,Melvin Harris,"May 5, 2007",38.642,-77.292,Virginia
225,Manassas,10701 Sudley Manor Dr,Manassas,VA,20109-2845,(703) 368-7579                  ,Jill Jordan,"Jun 27, 1992",38.784,-77.517,Virginia
227,Newington,7373 Boston Blvd,Springfield,VA,22153-2805,(703) 912-1203                  ,Tom Gause        Mgr,"Nov 7, 1992",38.74,-77.197,Virginia
202,Norfolk,850 Glenrock Rd,Norfolk,VA,23502-3702,(757) 459-4471                  ,Marc Cibellis,"Nov 19, 1984",36.852,-76.2,Virginia
637,Gypsum,170 Cooley Mesa Rd,Gypsum,CO,81637-9707,(970) 328-7603                  ,Jared Engles,"Oct 20, 2006",39.645,-106.891,Colorado
249,Durham,1510 N Pointe Dr,Durham,NC,27705-3405,(919) 220-2770                  ,Janet Braye,"Nov 30, 2000",36.029,-78.915,North Carolina
1206,Apex,1021 Pine Plaza Dr,Apex,NC,27523-6406,(919) 331-6027                  ,Mike Gandini      Mgr,"Mar 16, 2016",35.747,-78.828,North Carolina
1174,North Brunswick,100 Grand Avenue,North Brunswick,NJ,08902-5026,(732) 509-3905                  ,Paul Hogan,"Jul 24, 2014",40.437,-74.507,New Jersey
1093,Marlboro,18 Route 9 North,Morganville,NJ,07751-1526,(732) 617-4340                  ,Jeff Kenny,"Jul 6, 2011",40.362,-74.303,New Jersey
322,Bridgewater,325 Promenade Blvd,Bridgewater,NJ,08807-3457,(732) 584-1003                  ,Leonard Wohlgemuth,"Aug 24, 1999",40.563,-74.558,New Jersey
323,Edison,205 Vineyard Rd,Edison,NJ,08817-4785,(732) 491-2023                  ,John Cusanelli,"Oct 24, 1987",40.53,-74.376,New Jersey
1166,North Plainfield,1290 Us Highway 22E,North Plainfield,NJ,07060-3518,(908) 546-5666                  ,Gayle Asuncion,"Nov 14, 2013",40.612,-74.459,New Jersey
222,Hazlet,2835 Route 35 N,Hazlet,NJ,07730-1516,(732) 335-3800                  ,John Van Burger,"Dec 7, 1991",40.419,-74.171,New Jersey
1074,Mettawa,25901 Riverwoods Rd,Mettawa,IL,60045-3403,(847) 235-1302                  ,Cherise Schaffner Mgr,"Nov 20, 2010",42.237,-87.903,Illinois
348,Glenview,2900 Patriot Blvd,Glenview,IL,60026-8046,(847) 730-1003                  ,Andrew Zuerner,"Oct 17, 2002",42.109,-87.822,Illinois
1159,Sioux Falls,3700 S Grange Ave,Sioux Falls,SD,57105-6359,(605) 988-9140                  ,Dan Norris,"Oct 3, 2013",43.513,-96.74,South Dakota
360,Charleston,3050 Ashley Town Center Dr,Charleston,SC,29414-5664,(843) 460-2003                  ,James Stafford,"Apr 18, 2001",32.795,-80.036,South Carolina
1319,Mt Pleasant,3525 Park Avenue Blvd,Mount Pleasant,SC,29466-7242,(843) 375-7021                  ,Marcy Redick,"Aug 8, 2018",32.882,-79.77,South Carolina
338,Myrtle Beach,1021 Oak Forest Ln,Myrtle Beach,SC,29577-9795,(843) 839-6604                  ,Johnny Matthews,"Mar 18, 2004",33.706,-78.916,South Carolina
645,Raleigh,2838 Wake Forest Rd,Raleigh,NC,27609-7840,(919) 755-2801                  ,Chris  Manzo,"Oct 25, 2006",35.818,-78.622,North Carolina
1587,Garner,7800 Fayetteville Rd.,Raleigh,NC,27603,(984) 810-5030                  ,Eric Ward,"Nov 17, 2021",35.668,-78.699,North Carolina
1106,Pittsfield Township,771 Airport Blvd,Ann Arbor,MI,48108-3601,(734) 213-8010                  ,Richard Laurin,"Jun 29, 2012",42.231,-83.744,Michigan
1191,Kalamazoo,5100 Century Ave,Kalamazoo,MI,49006-5714,(269) 743-2298                  ,Melanie Petty     Mgr,"Nov 12, 2014",42.272,-85.651,Michigan
95,Tacoma,2219 S 37Th St,Tacoma,WA,98409-7473,(253) 475-5595                  ,Mike O'Hara,"May 24, 1984",47.225,-122.468,Washington
767,Fife Business Center,3900 20Th St E,Fife,WA,98424-1818,(253) 719-1950                  ,Michael Garcia,"Nov 12, 2003",47.238,-122.374,Washington
660,Puyallup,1201 39Th Ave Sw,Puyallup,WA,98373-3803,(253) 445-7543                  ,Jim Reynolds,"Nov 14, 2000",47.156,-122.309,Washington
61,Federal Way,35100 Enchanted Pkwy S,Federal Way,WA,98003-8314,(253) 874-3652                  ,Michael Loveless,"Mar 9, 1989",47.287,-122.31,Washington
1278,Bonney Lake,9801 204Th Ave E,Bonney Lake,WA,98391-6559,(253) 750-8120                  ,Im Cannell,"May 30, 2018",47.167,-122.159,Washington
740,Lacey,1470 Marvin Rd Ne,Lacey,WA,98516-3870,(360) 412-3500                  ,Casey Leneker,"Jul 18, 2006",47.059,-122.761,Washington
1029,Covington WA,27520 Covington Way Se,Covington,WA,98042-9100,(253) 796-1004                  ,Todd Young,"Oct 25, 2008",47.355,-122.121,Washington
623,Royal Palm Beach,11001 Southern Blvd,Royal Palm Beach,FL,33411-4240,(561) 803-8822                  ,Merton Bent,"Apr 13, 2007",26.683,-80.221,Florida
1108,Pharr,1501 W Kelly Ave,Pharr,TX,78577-5031,(956) 354-3900                  ,Antonio Cervantes,"Mar 15, 2012",26.193,-98.202,Texas
1025,Manahawkin,245 Stafford Park Blvd,Stafford Township,NJ,08050-2734,(609) 242-2011                  ,Greg Maniscalco,"May 29, 2008",39.707,-74.288,New Jersey
739,Brick Township,465 Route 70,Brick,NJ,08723-4049,(732) 262-6300                  ,Steve Deaney,"Nov 21, 1992",40.055,-74.157,New Jersey
329,Ocean Township,2361 State Route 66,Ocean,NJ,07712-3961,(732) 481-0023                  ,Derrick Huggins,"Mar 20, 2003",40.233,-74.046,New Jersey
244,East Hanover,156 Sr-10 West,East Hanover,NJ,07936-2107,(973) 602-2000                  ,Mike Liszewski,"Oct 25, 1997",40.812,-74.38,New Jersey
1161,Fort Wayne,5110 Value Dr,Fort Wayne,IN,46808-4048,(260) 481-1100                  ,Kevin Powers     Mgr,"Oct 16, 2013",41.126,-85.158,Indiana
1183,Mishawaka,625 E University Dr,Granger,IN,46530-7381,(574) 401-7004                  ,Matt Alleva       Mgr,"Nov 14, 2014",41.719,-86.172,Indiana
1666,Noblesville,14775 North Pointe Blvd,Noblesville,IN,46060,(463) 238-2013                  ,Taynin Harvey,"Nov 21, 2023",40.004,-86.003,Indiana
1178,Timnath,4705 Weitzel St,Timnath,CO,80547-4703,(970) 416-6115                  ,Rob Reinhardt,"Oct 2, 2014",40.521,-104.99,Colorado
1628,Longmont,205 East Ken Pratt Blvd,Longmont,CO,80501,(303) 827-2534                  ,Jeff Scheidemantle,"May 4, 2023",40.152,-105.085,Colorado
629,Thornton,16375 N. Washington St,Thornton,CO,80023-8907,(303) 474-3247                  ,Jason Boyd,"Feb 21, 2007",39.991,-104.983,Colorado
480,Superior,600 Marshall Rd,Superior,CO,80027-9730,(720) 587-1000                  ,Ryan Ramsey,"Apr 15, 1999",39.959,-105.174,Colorado
440,Westminster CO,6400 W 92Nd Ave,Westminster,CO,80031-2952,(303) 650-1476                  ,Dawn Loucks       Mgr,"Nov 3, 1990",39.862,-105.066,Colorado
1652,NE Denver,4741 N Airport Way,Denver,CO,80239,(303) 957-3500                  ,Randy Graves,"Jul 19, 2023",39.781,-104.796,Colorado
676,Arvada,5195 Wadsworth Blvd,Arvada,CO,80002-4617,(303) 463-3603                  ,Ernie Jensen,"Sep 19, 2001",39.789,-105.083,Colorado
439,Aurora,1471 S Havana St,Aurora,CO,80012-4013,(303) 750-2116                  ,Courtney Umsteadt Mgr,"Nov 3, 1990",39.69,-104.868,Colorado
650,Denver Business Center,400 S Zuni St,Denver,CO,80223-1969,(303) 830-4529                  ,Troy Newberry,"Jun 1, 2016",39.709,-105.014,Colorado
1027,Sheridan,4000 River Point Pkwy,Sheridan,CO,80110-3316,(303) 200-1830                  ,Chris Reynolds,"Aug 21, 2008",39.644,-105.007,Colorado
1085,Melrose Park,8400 W North Ave,Melrose Park,IL,60160-1607,(708) 397-2905                  ,Lynda Calococci,"Nov 17, 2010",41.91,-87.836,Illinois
353,SE Memphis,3775 Hacks Cross Rd,Memphis,TN,38125-2302,(901) 214-0054                  ,Stefan Mannsbart,"Nov 18, 1999",35.046,-89.797,Tennessee
352,NE Memphis,2431 N Germantown Pkwy,Cordova,TN,38016-4494,(901) 214-0003                  ,Chris Cansler,"Nov 18, 1999",35.192,-89.795,Tennessee
185,E Orlando,3333 University Blvd,Winter Park,FL,32792-7428,(407) 681-2119                  ,Kieran Mcclinton,"Dec 8, 1999",28.599,-81.3,Florida
1450,Melbourne,4305 Pineda Causeway,Melbourne,FL,32940,(321) 428-2910                  ,Mike Sinanian,"Dec 9, 2021",28.189,-80.72,Florida
93,Palm Beach Gardens,3250 Northlake Blvd,Palm Beach Gardens,FL,33403-1702,(561) 776-3052                  ,Mark Mann,"May 18, 1989",26.807,-80.088,Florida
418,Fullerton,900 S Harbor Blvd,Fullerton,CA,92832-3025,(714) 738-7521                  ,Carlos Gonzalez,"Nov 1, 1984",33.862,-117.922,California
126,Garden Grove,11000 Garden Grove Blvd,Garden Grove,CA,92843-1206,(714) 638-6308                  ,Jack Vertar,"Jun 25, 1987",33.773,-117.941,California
445,Yorba Linda,22633 Savi Ranch Pkwy,Yorba Linda,CA,92887-4647,(714) 282-6650                  ,Alan Mar,"Nov 1, 1991",33.875,-117.744,California
122,Tustin Ranch,2655 El Camino Real,Tustin,CA,92782-8918,(714) 838-7895                  ,Joanne Dowd,"Oct 1, 1992",33.728,-117.796,California
1001,Tustin,2700 Park Ave,Tustin,CA,92782-2708,(714) 338-1933                  ,Gary Mcelmurry,"Jun 7, 2007",33.699,-117.823,California
943,Westminster Business Center,13225 Beach Blvd,Westminster,CA,92683-9210,(657) 400-7006                  ,Monique Gutierrez Mgr,"Dec 21, 2015",33.769,-117.993,California
411,Fountain Valley,17900 Newhope St,Fountain Valley,CA,92708-5422,(714) 338-2183                  ,Gil D. Cozine,"Aug 15, 1983",33.703,-117.932,California
1110,Huntington Beach,7562 Center Ave,Huntington Beach,CA,92647-3002,(714) 372-7510                  ,Brian Mccutcheon,"May 2, 2012",33.733,-117.996,California
748,Cypress CA,5401 Katella Ave,Cypress,CA,90720-2809,(562) 668-5150                  ,Yin Lawler,"Jul 14, 2005",33.804,-118.039,California
423,Sunnyvale,150 Lawrence Station Rd,Sunnyvale,CA,94086-5309,(408) 730-1892                  ,Tiffany Fuentes,"Jul 1, 1986",37.372,-121.995,California
129,Santa Clara,1601 Coleman Ave,Santa Clara,CA,95050-3122,(408) 567-9000                  ,Maricel P-Esposo,"Dec 6, 1985",37.357,-121.939,California
778,Fremont,43621 Pacific Commons Blvd,Fremont,CA,94538-3809,(510) 897-1092                  ,Sonny Prasad,"May 26, 1988",37.502,-121.973,California
1660,Newark,350 Newpark Mall,Newark,CA,94560,(510) 493-2953                  ,Jose Salas,"Nov 18, 2023",37.526,-121.999,California
1004,NE San Jose,1709 Automation Pkwy,San Jose,CA,95131-1866,(408) 678-2150                  ,German Martinez,"Aug 23, 2007",37.39,-121.884,California
470,Almaden,5301 Almaden Expy,San Jose,CA,95118-3603,(408) 723-0964                  ,David Boggiano,"Jun 1, 1987",37.253,-121.88,California
148,San Jose,2201 Senter Rd,San Jose,CA,95112-2627,(408) 275-0199                  ,Cory Condren,"Nov 28, 1986",37.31,-121.851,California
663,Concord,2400 Monument Blvd,Concord,CA,94520-3105,(925) 566-4003                  ,Kirt Di Salvo,"Dec 10, 1986",37.958,-122.033,California
21,Danville,3150 Fostoria Way,Danville,CA,94526-5553,(925) 277-0407                  ,Andreas Paden,"Mar 16, 1989",37.782,-121.973,California
1002,Antioch,2201 Verne Roberts Cir,Antioch,CA,94509-7911,(925) 757-7130                  ,Camille Thomas,"Aug 29, 1991",38.009,-121.836,California
482,Richmond CA,4801 Central Avenue,Richmond,CA,94804-5801,(510) 898-2003                  ,Lamar Bell,"Oct 16, 1986",37.898,-122.321,California
146,Livermore,2800 Independence Dr,Livermore,CA,94551-7628,(925) 443-6306                  ,Michael Maldonado,"Nov 17, 1993",37.703,-121.812,California
132,Vallejo,198 Plaza Dr,Vallejo,CA,94591-3702,(707) 553-6400                  ,Sarah Hintermann,"Dec 7, 1989",38.133,-122.214,California
1390,Murrieta,35875 Warm Springs Parkway,Murrieta,CA,92563,(951) 223-4839                  ,Patty Santos     Mgr,"Aug 5, 2022",33.6,-117.171,California
746,Lake Elsinore,29315 Central Ave,Lake Elsinore,CA,92532-2212,(951) 253-6030                  ,Dean Osborn     X221,"May 5, 2006",33.696,-117.339,California
491,Temecula,26610 Ynez Rd,Temecula,CA,92591-4697,(951) 719-2000                  ,Rob Lemay,"Nov 26, 1991",33.521,-117.155,California
455,Moreno Valley,12700 Day St,Moreno Valley,CA,92553-7521,(951) 697-8900                  ,Ian Kaikko,"Sep 1, 1992",33.935,-117.276,California
432,Corona,480 N Mckinley St,Corona,CA,92879-1291,(951) 279-1190                  ,Rick Battistoni,"Nov 1, 1988",33.886,-117.524,California
1317,Eastvale,5030 Hamner Ave,Eastvale,CA,91752-1009,(951) 749-7182                  ,Brian Rachal,"Jun 28, 2018",33.997,-117.556,California
28,Laguna Niguel,27972 Cabot Rd,Laguna Niguel,CA,92677-1211,(949) 364-0217                  ,Molly Kite,"Mar 1, 1990",33.555,-117.677,California
690,Laguna Marketplace,27220 Heather Ridge Rd,Laguna Niguel,CA,92677-3418,(949) 389-8703                  ,John Cully,"Jun 6, 2002",33.567,-117.711,California
454,Irvine,115 Technology Dr,Irvine,CA,92618-2408,(949) 453-0435                  ,Jami Gallaway,"Nov 14, 1992",33.66,-117.745,California
110,Issaquah,1801 10Th Ave Nw,Issaquah,WA,98027-5384,(425) 313-0965                  ,Michael Walker,"Sep 9, 1994",47.551,-122.052,Washington
233,Pentagon City,1200 S Fern St,Arlington,VA,22202-2862,(703) 413-2324                  ,Sean Mckendry,"Jul 6, 1987",38.861,-77.057,Virginia
1115,Mt Vernon,7940 Richmond Hwy,Alexandria,VA,22306-7826,(571) 458-3500                  ,Sue Trujillo-Cliburn,"Aug 8, 2013",38.742,-77.088,Virginia
204,Fairfax,4725 W Ox Rd,Fairfax,VA,22030-6125,(703) 332-3200                  ,Zade Biberaj,"Nov 28, 1986",38.849,-77.372,Virginia
635,Wilmington,5351 Gingerwood Dr,Wilmington,NC,28405-3091,(910) 798-3250                  ,Vincent Suarez,"Jul 28, 2006",34.248,-77.873,North Carolina
29,Roseville CA,6750 Stanford Ranch Rd,Roseville,CA,95678-1907,(916) 789-1485                  ,Rick Graydon,"Nov 10, 1995",38.78,-121.267,California
1658,Marysville CA,1214 N Beale Rd,Linda,CA,95901,(530) 491-2717                  ,Karie Quezada,"Nov 22, 2023",39.125,-121.571,California
771,Citrus Heights,7000 Auburn Blvd,Citrus Heights,CA,95621-4342,(916) 560-4003                  ,April Chaney,"Dec 13, 2003",38.69,-121.298,California
765,Folsom,1800 Cavitt Dr,Folsom,CA,95630-6235,(916) 850-1000                  ,Kathy Mendoza    Mgr,"May 23, 2003",38.645,-121.11,California
438,Rancho Cordova,11260 White Rock Rd,Rancho Cordova,CA,95742-6571,(916) 724-2240                  ,Rob Ferguson,"Jun 23, 1990",38.588,-121.264,California
893,Sacramento Business Center,3360 El Camino Ave,Sacramento,CA,95821-6308,(916) 426-4560                  ,Blake Johnson,"Jun 4, 2020",38.608,-121.386,California
1674,Natomas,3881 E Commerce Way,Sacramento,CA,95834,(916) 265-9594                  ,Sheli Duppman,"Mar 14, 2024",38.64,-121.522,California
471,Cal Expo (Sacramento),1600 Expo Pkwy,Sacramento,CA,95815-4228,(916) 830-1078                  ,Robert Grantham,"Aug 6, 1984",38.597,-121.453,California
1003,Woodland,2299 Bronze Star Dr,Woodland,CA,95776-5409,(530) 406-2120                  ,Melannie Ikeda,"Feb 22, 2008",38.672,-121.723,California
464,Sacramento,7981 E Stockton Blvd,Sacramento,CA,95823-9606,(916) 682-3569                  ,Dean Cianfichi,"Dec 1, 1982",38.468,-121.414,California
580,Bedford Park Business Center,7300 S Cicero Ave,Chicago,IL,60629-5817,(708) 552-9010                  ,Todd Gallegos,"Apr 13, 2015",41.759,-87.745,Illinois
1153,North Riverside IL,2500 South Harlem Ave,North Riverside,IL,60546-1415,(708) 853-1017                  ,Jimmy Winterbottom,"Nov 25, 2013",41.844,-87.806,Illinois
121,El Centro,2030 N Imperial Ave,El Centro,CA,92243-1323,(760) 353-2380                  ,Paul Lopez,"May 14, 1992",32.812,-115.573,California
1485,Pooler,200 Mosaic Circle,Pooler,GA,31322,(912) 348-4569                  ,Pauline Wilkins,"Nov 18, 2021",32.081,-81.277,Georgia
627,Fontana,16505 Sierra Lakes Pkwy,Fontana,CA,92336-1256,(909) 770-5639                  ,Sarah Cruz,"Nov 17, 2006",34.138,-117.443,California
678,Rancho Cucamonga,11800 4Th St,Rancho Cucamonga,CA,91730-6129,(909) 581-1703                  ,Adolph Costello,"Oct 1, 1992",34.078,-117.547,California
947,Ontario Business Center,3680 E Guasti Rd,Ontario,CA,91761,(909) 789-1221                  ,Dan Lundberg,"Aug 6, 2020",34.064,-117.573,California
686,Montclair,9404 Central Ave,Montclair,CA,91763-2421,(909) 575-5004                  ,Joe Gaytan,"Dec 11, 2001",34.083,-117.69,California
473,Chino Hills,13111 Peyton Dr,Chino Hills,CA,91709-6002,(909) 464-2900                  ,Greg Liberto,"Nov 1, 1985",34.015,-117.742,California
1015,San Dimas,520 N Lone Hill Ave,San Dimas,CA,91773-1725,(909) 962-5507                  ,Caroline Cansino,"May 16, 2008",34.112,-117.827,California
1033,Pocatello,305 W Quinn Rd,Pocatello,ID,83201-4988,(208) 238-4040                  ,Shawn Allen,"Oct 23, 2008",42.905,-112.455,Idaho
1633,Logan,1160 N 1000 W,Logan,UT,84321,(435) 915-4214                  ,Jared Andreasen,"Nov 18, 2022",41.752,-111.857,Utah
145,Twin Falls,731 Pole Line Rd,Twin Falls,ID,83301-3036,(208) 736-1550                  ,Aaron Lahnum,"Jul 20, 1993",42.593,-114.464,Idaho
770,South Ogden,3656 Wall Ave,Ogden,UT,84405-7101,(801) 317-3953                  ,Shannon Lloyd,"Nov 18, 2003",41.196,-111.978,Utah
735,Bountiful,573 W 100 N,West Bountiful,UT,84010-7018,(801) 299-3940                  ,Kamela August,"Nov 22, 2005",40.89,-111.895,Utah
113,Salt Lake City,1818 S 300 W,Salt Lake City,UT,84115-1805,(801) 485-9715                  ,Cd Fackrell,"Dec 2, 1995",40.731,-111.902,Utah
622,West Valley,3747 S 2700 W,Salt Lake City,UT,84119-3721,(801) 996-9008                  ,Robbie Denton,"Aug 3, 2007",40.69,-111.954,Utah
764,Murray,5201 S Intermountain Dr,Murray,UT,84107-6024,(801) 290-4200                  ,Chad Efnor        Mgr,"Jan 12, 1984",40.658,-111.89,Utah
1019,South Jordan,3571 W 10400 S,South Jordan,UT,84095-7173,(801) 523-5287                  ,Phil Owens,"Aug 28, 2014",40.56,-111.975,Utah
403,Santee,101 Town Center Pkwy,Santee,CA,92071-5802,(619) 562-3227                  ,Aaron Campbell,"Sep 1, 1979",32.841,-116.988,California
469,La Mesa,8125 Fletcher Pkwy,La Mesa,CA,91942-2934,(619) 667-8504                  ,Bobby Radovich,"Nov 19, 1992",32.774,-117.024,California
775,Poway,12155 Tech Center Dr,Poway,CA,92064-7156,(858) 848-2451                  ,Vonnie Steed,"Jul 23, 2004",32.937,-117.033,California
460,Rancho Del Rey,895 E H St,Chula Vista,CA,91910-7807,(619) 656-0826                  ,Adam Kumre,"Jan 13, 1994",32.638,-117.023,California
452,Carmel Mountain,12350 Carmel Mountain Rd,San Diego,CA,92128-4616,(858) 675-0379                  ,Kevin Perreira,"Oct 23, 1992",32.987,-117.078,California
781,Chula Vista,1130 Broadway,Chula Vista,CA,91911-2707,(619) 205-1501                  ,Joanne Villa,"Oct 1, 1981",32.608,-117.083,California
483,SE San Diego,650 Gateway Center Dr,San Diego,CA,92102-4530,(619) 358-2303                  ,Veronica Lara,"Nov 22, 1999",32.713,-117.116,California
1343,Meridian,3403 W. Chinden Blvd,Meridian,ID,83646,(986) 200-4136                  ,Rich Graber,"Oct 30, 2020",43.661,-116.436,Idaho
112,Wenatchee,375 Highline Dr,East Wenatchee,WA,98802-5344,(509) 886-0593                  ,Gabriel Mendoza,"Jun 23, 1995",47.401,-120.281,Washington
1013,Union Gap,2310 Longfibre Rd,Union Gap,WA,98903-1513,(509) 454-5242                  ,Kari Luft,"Nov 14, 1990",46.563,-120.5,Washington
1107,Chicago South Loop,1430 S Ashland Ave,Chicago,IL,60608-2040,(312) 492-3609                  ,Jonathan Taub,"Jun 28, 2012",41.863,-87.668,Illinois
761,Boise,2051 S Cole Rd,Boise,ID,83709-2815,(208) 321-8700                  ,Andy Milliken,"Oct 11, 1988",43.586,-116.276,Idaho
734,Nampa,16700 N Market Place Blvd,Nampa,ID,83687-7909,(208) 465-3800                  ,Jay Yang         Mgr,"Aug 23, 2006",43.615,-116.59,Idaho
1274,Elk Grove,7400 Elk Grove Blvd,Elk Grove,CA,95757-6299,(916) 465-6050                  ,Mike Schmid,"Sep 27, 2018",38.406,-121.414,California
447,Santa Clarita,18649 Via Princessa,Santa Clarita,CA,91387-4935,(661) 250-2818                  ,Elias Rahhal,"May 1, 1992",34.404,-118.461,California
437,Northridge,8810 Tampa Ave,Northridge,CA,91324-3519,(818) 775-1860                  ,Bobette Laureano,"Sep 23, 1989",34.23,-118.551,California
128,Simi Valley,2660 Park Center Dr,Simi Valley,CA,93065-6207,(805) 578-3301                  ,Russell Lee,"May 1, 1996",34.284,-118.796,California
1205,Woodland Hills,21800 Victory Blvd,Woodland Hills,CA,91367-2227,(818) 884-9099                  ,Chantal Kupelian,"Dec 18, 1986",34.186,-118.603,California
1071,Pacoima,13550 Paxton St,Pacoima,CA,91331-2352,(818) 272-2700                  ,Trey Cardwell,"Mar 4, 2010",34.272,-118.426,California
48,Van Nuys,6100 Sepulveda Blvd,Van Nuys,CA,91411-2503,(818) 989-5132                  ,Andrea Friscia,"Nov 9, 1989",34.182,-118.464,California
117,Westlake Village,5700 Lindero Canyon Rd,Westlake Village,CA,91362-4063,(818) 597-3901                  ,Robert Armstrong,"Aug 8, 1996",34.152,-118.797,California
1119,West Fargo ND,750 23Rd Ave East,West Fargo,ND,58078-7804,(701) 281-2220                  ,Brian Roberts,"Oct 23, 2012",46.845,-96.887,North Dakota
1216,Bellingham,4125 Arctic Ave,Bellingham,WA,98226-9325,(360) 671-6947                  ,Netra Mcgrew,"Nov 13, 1991",48.792,-122.514,Washington
662,Burlington WA,1725 S Burlington Blvd,Burlington,WA,98233-3223,(360) 757-5703                  ,Kc Robinson,"Aug 3, 2000",48.454,-122.338,Washington
642,Marysville WA,16616 Twin Lakes Ave,Marysville,WA,98271-4701,(360) 652-4532                  ,Bobby Radcliffe,"Sep 21, 2006",48.148,-122.191,Washington
639,Sequim,955 W Washington St,Sequim,WA,98382-3266,(360) 406-2025                  ,Ashley Roos,"Sep 9, 1993",48.077,-123.126,Washington
31,Fresno,4500 W Shaw Ave,Fresno,CA,93722-6200,(559) 271-6511                  ,Juan Bautista,"Sep 12, 1985",36.81,-119.874,California
657,N Fresno,7100 N Abby St,Fresno,CA,93720-2920,(559) 437-3643                  ,Kathy Fuson,"Nov 26, 2002",36.839,-119.788,California
1360,Clovis,2270 Clovis Ave,Clovis,CA,93612,(559) 291-3377                  ,Jim Harris Jr,"Nov 19, 1990",36.806,-119.703,California
1244,Hanford,2395 E Lacey Blvd,Hanford,CA,93230-4740,(559) 670-6008                  ,Jeff Thompson,"Oct 27, 2016",36.326,-119.607,California
142,Merced,1445 R St,Merced,CA,95340-5850,(209) 725-5020                  ,Stephani Dee,"Dec 2, 1993",37.303,-120.497,California
1017,Visalia,1405 W Cameron Ave,Visalia,CA,93277-9527,(559) 735-2400                  ,Kellee Salcedo,"Nov 20, 1990",36.293,-119.307,California
782,Turlock,2955 N Tegner Rd,Turlock,CA,95380-9401,(209) 656-5301                  ,Aneesah Savage,"Aug 26, 2004",37.519,-120.888,California
760,Gilroy,7251 Camino Arroyo,Gilroy,CA,95020-7340,(408) 848-0700                  ,Mike Biggs,"Mar 1, 2003",37.008,-121.556,California
661,Modesto,3801 Pelandale Ave,Modesto,CA,95356-8300,(209) 342-4903                  ,Michael Wiederholt,"Aug 10, 1989",37.702,-121.067,California
472,Salinas,1339 N Davis Rd,Salinas,CA,93907-1988,(831) 424-4242                  ,Steve Alexander,"Aug 29, 1997",36.704,-121.668,California
1011,Chico,2100 Dr Mlk Jr Pkwy,Chico,CA,95928-4422,(530) 332-1742                  ,Peter Cavallero,"Oct 15, 1991",39.721,-121.811,California
1445,Redding,4805 Bechelli Lane,Redding,CA,96002,(530) 222-0199                  ,Dave Sierra,"Apr 5, 1990",40.541,-122.356,California
383,Niles,7311 N Melvina Ave,Niles,IL,60714-3905,(847) 972-3003                  ,Dan Lavigne,"Jun 1, 2000",42.015,-87.78,Illinois
380,Lincoln Park,2746 N Clybourn Ave,Chicago,IL,60614-1006,(773) 360-2053                  ,Igor Anic,"May 2, 2001",41.93,-87.677,Illinois
1080,San Marcos,725 Center Drive,San Marcos,CA,92069-3536,(760) 871-6867                  ,Patty Munguia,"Jul 8, 2011",33.135,-117.125,California
1581,San Marcos Business Center,150 S. Bent Ave,San Marcos,CA,92078,(760) 410-5681                  ,Jared Turner,"Mar 17, 2022",33.137,-117.184,California
124,Vista,1755 Hacienda Dr,Vista,CA,92081-4546,(760) 631-7255                  ,Kamal Bhatt,"Nov 24, 1993",33.188,-117.277,California
462,Carlsbad,951 Palomar Airport Rd,Carlsbad,CA,92011-1110,(760) 929-0963                  ,Lisa Balderrama,"Oct 3, 1992",33.12,-117.316,California
578,San Diego Business Center,7803 Othello Ave,San Diego,CA,92111-3709,(858) 810-5835                  ,Robert Clark      Mgr,"Sep 15, 2010",32.816,-117.153,California
1039,Brandywine,16006 Crain Hwy,Brandywine,MD,20613-8081,(301) 372-3200                  ,Shadi Klam,"Nov 12, 2008",38.67,-76.873,Maryland
646,Sparks,4810 Galleria Pkwy,Sparks,NV,89436-9605,(775) 356-4400                  ,Marcie Cathey     Mgr,"Aug 25, 2006",39.579,-119.739,Nevada
25,Reno,2200 Harvard Way,Reno,NV,89502-4004,(775) 689-2200                  ,Bob Tote,"Nov 8, 1988",39.503,-119.784,Nevada
127,Carson City,700 Old Clear Creek Rd,Carson City,NV,89705-6853,(775) 881-2503                  ,Jim Mccrossin,"Nov 10, 2000",39.117,-119.777,Nevada
429,San Juan Capistrano,33961 Doheny Park Rd,San Juan Capistrano,CA,92675-4835,(949) 240-3558                  ,Todd Kepple,"Dec 4, 1987",33.47,-117.678,California
401,Morena,4605 Morena Blvd,San Diego,CA,92117-3650,(858) 270-6920                  ,Brandon Ruiz      920,"Jul 1, 1976",32.822,-117.225,California
488,Mission Valley,2345 Fenton Pkwy,San Diego,CA,92108-4743,(619) 358-4000                  ,Craig Good,"Jun 29, 2000",32.782,-117.129,California
487,Sandy,11100 S Auto Mall Dr,Sandy,UT,84070-4171,(801) 790-0003                  ,Paul Maurice,"Jun 2, 2000",40.55,-111.895,Utah
1441,Riverton,13126 S. Eagles Flight Rd,Riverton,UT,84096,(385) 855-7196                  ,Jason Jense,"May 19, 2022",40.513,-112.002,Utah
733,Lehi,198 N 1200 E,Lehi,UT,84043-2294,(801) 653-2700                  ,Gordon Carlson,"Aug 24, 2006",40.389,-111.823,Utah
1383,Saratoga Springs,1083 N Redwood Rd.,Saratoga Springs,UT,84045,(801) 407-4194                  ,Kevin Campbell,"Aug 13, 2020",40.382,-111.918,Utah
131,Sand City,801 Tioga Ave,Sand City,CA,93955-3050,(831) 899-1255                  ,Fernando Favela,"Nov 16, 1989",36.617,-121.845,California
149,Santa Cruz,220 Sylvania Ave,Santa Cruz,CA,95060-2161,(831) 469-0961                  ,Matt Mallon,"Aug 18, 1994",36.985,-122.033,California
1267,Great Oaks,6898 Raleigh Road,San Jose,CA,95119-1730,(408) 908-7929                  ,Rob Zipp,"Jun 29, 2017",37.244,-121.786,California
848,San Jose Business Center,2376 S Evergreen Loop,San Jose,CA,95122,(669) 236-4679                  ,1Amie Pierce      Mgr,"Oct 29, 2020",37.318,-121.811,California
420,Oxnard,2001 E Ventura Blvd,Oxnard,CA,93036-1813,(805) 983-4200                  ,Rudy Garcia,"Nov 18, 1985",34.225,-119.148,California
125,Eureka,1006 W Wabash Ave,Eureka,CA,95501-2121,(707) 441-8750                  ,Ian Wieland,"Nov 3, 1994",40.792,-124.182,California
1297,Ukiah,1275 Airport Park Blvd,Ukiah,CA,95482-7400,(707) 313-8004                  ,Katie Pickens,"Jul 19, 2018",39.127,-123.197,California
41,Santa Rosa,1900 Santa Rosa Ave,Santa Rosa,CA,95407-7621,(707) 578-3775                  ,Wil Ramos,"Nov 11, 1986",38.42,-122.712,California
659,Rohnert Park,5901 Redwood Dr,Rohnert Park,CA,94928-2076,(707) 540-9113                  ,Rob Geissler,"Sep 18, 2002",38.353,-122.717,California
474,Goleta,7095 Market Place Dr,Goleta,CA,93117-5905,(805) 685-3199                  ,Meg Vega,"Nov 24, 1998",34.428,-119.874,California
643,SW Bakersfield,4900 Panama Ln,Bakersfield,CA,93313-3479,(661) 398-4740                  ,Sargon Davoodi,"Apr 26, 2006",35.297,-119.058,California
1644,Billings,3880 Zoo Drive,Billings,MT,59106-3963,(406) 601-8273                  ,Bill Kelly,"Dec 5, 1991",45.736,-108.615,Montana
688,Bakersfield,3800 Rosedale Hwy,Bakersfield,CA,93308-6235,(661) 852-2643                  ,Mike Stranathan,"Oct 3, 1985",35.385,-119.049,California
1275,Santa Maria,1700 S. Bradley Rd.,Santa Maria,CA,93454-8001,(805) 928-8459                  ,Jim Blount,"Nov 22, 1988",34.927,-120.419,California
741,San Luis Obispo,1540 Froom Ranch Way,San Luis Obispo,CA,93405-7211,(805) 541-7000                  ,Ronnie Debrum,"Sep 17, 2005",35.252,-120.691,California
762,Lancaster CA,1141 W Avenue L,Lancaster,CA,93534-7077,(661) 802-4470                  ,Brenda Simmons    Mgr,"Sep 29, 1988",34.661,-118.151,California
141,Novato,300 Vintage Way,Novato,CA,94945-5007,(415) 899-1332                  ,Ron Simmons,"Mar 11, 1992",38.087,-122.551,California
453,Fairfield,5101 Business Center Dr,Fairfield,CA,94534-1624,(707) 864-3816                  ,Erik Blanton     Mgr,"Oct 1, 1992",38.215,-122.145,California
694,Vacaville,1051 Hume Way,Vacaville,CA,95687-5558,(707) 453-7343                  ,Monika Tinkelenberg,"Dec 6, 2002",38.351,-121.98,California
1118,Spanish Fork,273 E 1000 N,Spanish Fork,UT,84660-5844,(801) 504-9530                  ,Bev Buchannan,"Oct 25, 2012",40.124,-111.649,Utah
484,Orem,648 E 800 S,Orem,UT,84097-6528,(801) 851-5003                  ,Andrea Martinez,"Nov 23, 1999",40.28,-111.68,Utah
466,Prescott,3911 E State Route 69,Prescott,AZ,86301-6717,(928) 541-2203                  ,Greg Avalos,"Jun 27, 1996",34.548,-112.397,Arizona
1031,Manteca,2440 Daniels St,Manteca,CA,95337-6745,(209) 825-8200                  ,Eric Clark,"Aug 14, 2008",37.785,-121.26,California
658,Tracy,3250 W Grant Line Rd,Tracy,CA,95304-8427,(209) 830-5340                  ,Lorenzo Resendiz,"Sep 17, 2002",37.751,-121.475,California
38,Stockton,1616 E Hammer Ln,Stockton,CA,95210-4119,(209) 478-2040                  ,Denise Zizzo,"Oct 23, 1986",38.019,-121.292,California
1091,Lodi,2680 Reynolds Ranch Pkwy,Lodi,CA,95240-6848,(209) 366-7300                  ,Sheli Duppman    Mgr,"Jun 9, 2011",38.1,-121.264,California
64,Tumwater,5500 Littlerock Rd Sw,Tumwater,WA,98512-7363,(360) 357-6580                  ,Kevin Wagner,"Nov 14, 1991",46.997,-122.916,Washington
1380,Bismarck,1325 57Th Ave Ne,Bismarck,ND,58503-6581,(701) 415-7003                  ,Brandon Peck,"Aug 25, 2020",46.865,-100.77,North Dakota
